url,content_type_ext,content_ffb,wayback_date,crawl_date
http://wkweb4.cableinet.co.uk:80/hodder/harrier.z80,.z80,0044ff00,19970709154409,1997-07-09T16:44:09Z
http://wkweb4.cableinet.co.uk:80/hodder/jetpac.z80,.z80,00500000,19970709154444,1997-07-09T16:44:44Z
http://wkweb4.cableinet.co.uk:80/hodder/jetset.z80,.z80,bf10febf,19970709154513,1997-07-09T16:45:13Z
http://wkweb4.cableinet.co.uk:80/hodder/jetpac.z80,.z80,00500000,19970729095255,1997-07-29T10:52:55Z
http://wkweb4.cableinet.co.uk:80/hodder/jetset.z80,.z80,bf10febf,19970729095304,1997-07-29T10:53:04Z
http://www.zenn.demon.co.uk:80/com/reviews/games/Lostcave.z80,.z80,00500000,19981207063144,1998-12-07T06:31:44Z
http://www.zenn.demon.co.uk:80/com/reviews/games/Lostcave.z80,.z80,00500000,19990220131905,1999-02-20T13:19:05Z
http://wkweb1.cableinet.co.uk:80/malkc/Wheelie.tap,.tap,13000000,19991001051504,1999-10-01T06:15:04Z
http://wkweb1.cableinet.co.uk:80/malkc/Yabba.z80,.z80,196b0075,19991001062426,1999-10-01T07:24:26Z
http://www.zenn.demon.co.uk:80/com/reviews/games/Lostcave.z80,.z80,00500000,19991010001020,1999-10-10T01:10:20Z
http://wkweb1.cableinet.co.uk:80/malkc/Bigfoot.z80,.z80,bf030100,19991022221236,1999-10-22T23:12:36Z
http://wkweb1.cableinet.co.uk:80/malkc/Dizzy.z80,.z80,03100501,19991023014906,1999-10-23T02:49:06Z
http://wkweb1.cableinet.co.uk:80/malkc/Dizzy2.z80,.z80,002a0308,19991023031813,1999-10-23T04:18:13Z
http://wkweb1.cableinet.co.uk:80/malkc/Dizzy3.z80,.z80,b880feff,19991023040810,1999-10-23T05:08:10Z
http://wkweb1.cableinet.co.uk:80/malkc/Pssst.z80,.z80,00380000,19991023073501,1999-10-23T08:35:01Z
http://wkweb1.cableinet.co.uk:80/malkc/Rhs.z80,.z80,4100003b,19991023091528,1999-10-23T10:15:28Z
http://wkweb1.cableinet.co.uk:80/malkc/Tranzam.z80,.z80,0028e205,19991023123146,1999-10-23T13:31:46Z
http://www.zenn.demon.co.uk:80/com/reviews/games/Lostcave.z80,.z80,00500000,19991114114525,1999-11-14T11:45:25Z
http://www.zenn.demon.co.uk:80/com/reviews/games/Cj.z80,.z80,00440039,20010426172946,2001-04-26T18:29:46Z
http://www.wizards1.freeserve.co.uk:80/MATCHPOI.TAP,.tap,13000000,20010505151559,2001-05-05T16:15:59Z
http://www.antsplace.co.uk:80/ATICATAC.SNA,.sna,3f58ff9b,20010510212732,2001-05-10T22:27:32Z
http://www.antsplace.co.uk:80/CHAOS.Z80,.z80,0090fefe,20010513023425,2001-05-13T03:34:25Z
http://www.antsplace.co.uk:80/GOBBLEMA.TAP,.tap,13000000,20010513125307,2001-05-13T13:53:07Z
http://web.ukonline.co.uk:80/listener/ripe/Earthshk.z80,.z80,95849500,20010514025154,2001-05-14T03:51:54Z
http://web.ukonline.co.uk:80/listener/ripe/Firelord.z80,.z80,d0ab6e00,20010514025457,2001-05-14T03:54:57Z
http://www.antsplace.co.uk:80/Knightlore.sna,.sna,3f58ff9b,20010515103617,2001-05-15T11:36:17Z
http://www.antsplace.co.uk:80/MONTY.Z80,.z80,182a0902,20010515104336,2001-05-15T11:43:36Z
http://www.antsplace.co.uk:80/SCUBDIVE.SNA,.sna,3f582707,20010518215913,2001-05-18T22:59:13Z
http://www.antsplace.co.uk:80/TRASHMAN.Z80,.z80,00500000,20010520000054,2001-05-20T01:00:54Z
http://www.antsplace.co.uk:80/WizardsLair.sna,.sna,3f000007,20010521014748,2001-05-21T02:47:48Z
http://www.antsplace.co.uk:80/UNDERWLD.SNA,.sna,3f58ff9b,20010521014907,2001-05-21T02:49:07Z
http://www.antsplace.co.uk:80/ZZOOM.TAP,.tap,13000000,20010522022036,2001-05-22T03:20:36Z
http://www.alant.demon.co.uk:80/software/zx/ShootOut.sna,.sna,3f00009b,20010817143940,2001-08-17T15:39:40Z
http://www.alant.demon.co.uk:80/software/zx/TheCloud.sna,.sna,3f4f4d47,20010817145345,2001-08-17T15:53:45Z
http://www.alant.demon.co.uk:80/software/zx/ShootOut.sna,.sna,3f00009b,20011008214317,2001-10-08T22:43:17Z
http://www.bigfatpanda.fsnet.co.uk:80/code/kemshu.sna,.sna,3f58279b,20011030202601,2001-10-30T20:26:01Z
http://www.thewebshite.fslife.co.uk:80/FEUD.SNA,.sna,fe2b2d31,20011111042954,2001-11-11T04:29:54Z
http://www.zenn.demon.co.uk:80/com/reviews/games/Cj.z80,.z80,00440039,20011124054354,2001-11-24T05:43:54Z
http://www.bigfatpanda.fsnet.co.uk:80/code/kemshu.sna,.sna,3f58279b,20011215031403,2001-12-15T03:14:03Z
http://www.thewebshite.fslife.co.uk:80/DIZZY_5.SNA,.sna,3f94af9b,20020113132458,2002-01-13T13:24:58Z
http://www.autolaunch.freeserve.co.uk:80/boat_run.sna,.sna,3f20589b,20020115142108,2002-01-15T14:21:08Z
http://www.autolaunch.freeserve.co.uk:80/buggy.sna,.sna,3f00009b,20020116190416,2002-01-16T19:04:16Z
http://www.users.globalnet.co.uk:80/~jimg/type-ins/sincuser/eye.tap,.tap,13000000,20020126134150,2002-01-26T13:41:50Z
http://www.users.globalnet.co.uk:80/~jimg/type-ins/sincuser/solitair.tap,.tap,13000000,20020128070614,2002-01-28T07:06:14Z
http://www.alant.demon.co.uk:80/software/zx/TheCloud.sna,.sna,3f4f4d47,20020203061817,2002-02-03T06:18:17Z
http://www.thewebshite5.fslife.co.uk:80/daley-d1.sna,.sna,3fffff9b,20020203140340,2002-02-03T14:03:40Z
http://www.bigfatpanda.fsnet.co.uk:80/code/kemshu.sna,.sna,3f58279b,20020207075625,2002-02-07T07:56:25Z
http://www.users.globalnet.co.uk:80/~jimg/type-ins/sincprog/forcefie.tap,.tap,13000000,20020308130602,2002-03-08T13:06:02Z
http://www.users.globalnet.co.uk:80/~jimg/type-ins/sincprog/spirodra.tap,.tap,13000000,20020308131403,2002-03-08T13:14:03Z
http://www.users.globalnet.co.uk:80/~jimg/type-ins/sincuser/lettermo.tap,.tap,13000000,20020308142746,2002-03-08T14:27:46Z
http://www.users.globalnet.co.uk:80/~jimg/type-ins/sincuser/tgbottle.tap,.tap,13000000,20020308180724,2002-03-08T18:07:24Z
http://www.users.globalnet.co.uk:80/~jimg/type-ins/sincuser/target.tap,.tap,13000000,20020308181131,2002-03-08T18:11:31Z
http://www.users.globalnet.co.uk:80/~jimg/type-ins/zx-comp/spectres.tap,.tap,13000000,20020317005227,2002-03-17T00:52:27Z
http://www.ysrnry.co.uk:80/ys3/issue5/tape/smash03.tap,.tap,13000000,20020325055049,2002-03-25T05:50:49Z
http://www.zenn.demon.co.uk:80/com/reviews/games/Cj.z80,.z80,00440039,20020325151210,2002-03-25T15:12:10Z
http://www.thewebshite.fslife.co.uk:80/FEUD.SNA,.sna,fe2b2d31,20020404223028,2002-04-04T23:30:28Z
http://www.bigfatpanda.fsnet.co.uk:80/code/poacher.sna,.sna,3f2b2ddb,20020504212538,2002-05-04T22:25:38Z
http://www.z88forever.org.uk:80/zxplus3e/files/msdos.tap,.tap,13000000,20020507051652,2002-05-07T06:16:52Z
http://www.users.globalnet.co.uk:80/~jimg/type-ins/sincuser/select.tap,.tap,13000000,20020510214140,2002-05-10T22:41:40Z
http://www.users.globalnet.co.uk:80/~jimg/type-ins/sincuser/target.tap,.tap,13000000,20020511161109,2002-05-11T17:11:09Z
http://www.thewebshite5.fslife.co.uk:80/daley-d2.sna,.sna,3f00409b,20020603070429,2002-06-03T08:04:29Z
http://www.autolaunch.freeserve.co.uk:80/buggy.sna,.sna,3f00009b,20020608075925,2002-06-08T08:59:25Z
http://www.users.globalnet.co.uk:80/~jimg/type-ins/sincprog/awari.tap,.tap,13000000,20020720000104,2002-07-20T01:01:04Z
http://www.users.globalnet.co.uk:80/~jimg/type-ins/sincuser/laser.tap,.tap,13000000,20020722131002,2002-07-22T14:10:02Z
http://www.users.globalnet.co.uk:80/~jimg/type-ins/sincuser/target.tap,.tap,13000000,20020724113444,2002-07-24T12:34:44Z
http://www.bigfatpanda.fsnet.co.uk:80/code/kemshu.sna,.sna,3f58279b,20020803113235,2002-08-03T12:32:35Z
http://www.autolaunch.freeserve.co.uk:80/boat_run.sna,.sna,3f20589b,20020806015421,2002-08-06T02:54:21Z
http://www.zenn.demon.co.uk:80/com/reviews/games/Cj.z80,.z80,00440039,20020927120927,2002-09-27T13:09:27Z
http://www.users.globalnet.co.uk:80/~jimg/type-ins/sincprog/monsterm.z80,.z80,df036e04,20020929171436,2002-09-29T18:14:36Z
http://www.users.globalnet.co.uk:80/~jimg/type-ins/sincprog/slalom.tap,.tap,13000000,20020929172341,2002-09-29T18:23:41Z
http://www.bigfatpanda.fsnet.co.uk:80/code/poacher.sna,.sna,3f2b2ddb,20021003122326,2002-10-03T13:23:26Z
http://www.autolaunch.freeserve.co.uk:80/boat_run.sna,.sna,3f20589b,20021012155242,2002-10-12T16:52:42Z
http://www.zenn.demon.co.uk:80/com/reviews/games/Lostcave.z80,.z80,00500000,20021127053516,2002-11-27T05:35:16Z
http://www.thewebshite.fslife.co.uk:80/TRAPDOOR.Z80,.z80,0002f3da,20021216074630,2002-12-16T07:46:30Z
http://web.ukonline.co.uk:80/listener/Jetpac.z80,.z80,45100001,20021221184353,2002-12-21T18:43:53Z
http://www.bigfatpanda.fsnet.co.uk:80/code/kemshu.sna,.sna,3f58279b,20030105025112,2003-01-05T02:51:12Z
http://www.users.globalnet.co.uk:80/~jimg/type-ins/sincprog/spirodra.tap,.tap,13000000,20030123180340,2003-01-23T18:03:40Z
http://www.users.globalnet.co.uk:80/~jimg/type-ins/sincprog/contour.tap,.tap,13000000,20030123180705,2003-01-23T18:07:05Z
http://www.users.globalnet.co.uk:80/~jimg/type-ins/sincprog/forcefie.tap,.tap,13000000,20030123182111,2003-01-23T18:21:11Z
http://www.users.globalnet.co.uk:80/~jimg/type-ins/sincprog/snake.tap,.tap,13000000,20030123182421,2003-01-23T18:24:21Z
http://www.bandstash.co.uk:80/jetsetgaming/JSM.Z80,.z80,000a0469,20030204221115,2003-02-04T22:11:15Z
http://www.bandstash.co.uk:80/jetsetgaming/JSWdemons.sna,.sna,3f008439,20030204221603,2003-02-04T22:16:03Z
http://www.bigfatpanda.fsnet.co.uk:80/code/poacher.sna,.sna,3f2b2ddb,20030305180053,2003-03-05T18:00:53Z
http://www.bigfatpanda.fsnet.co.uk:80/code/kemshu.sna,.sna,3f58279b,20030305180530,2003-03-05T18:05:30Z
http://www.autolaunch.freeserve.co.uk:80/buggy.sna,.sna,3f00009b,20030311212148,2003-03-11T21:21:48Z
http://www.users.globalnet.co.uk:80/~jimg/type-ins/zx-comp/centi.tap,.tap,13000000,20030318004805,2003-03-18T00:48:05Z
http://www.users.globalnet.co.uk:80/~jimg/type-ins/zx-comp/spectres.tap,.tap,13000000,20030318004920,2003-03-18T00:49:20Z
http://www.users.globalnet.co.uk:80/~jimg/type-ins/zx-comp/knightfi.tap,.tap,13000000,20030318010139,2003-03-18T01:01:39Z
http://www.users.globalnet.co.uk:80/~jimg/type-ins/zx-comp/3dnought.tap,.tap,13000000,20030318010743,2003-03-18T01:07:43Z
http://www.users.globalnet.co.uk:80/~jimg/type-ins/sincprog/astralfo.tap,.tap,13000000,20030321230000,2003-03-21T23:00:00Z
http://www.users.globalnet.co.uk:80/~jimg/type-ins/sincprog/contour.tap,.tap,13000000,20030321230900,2003-03-21T23:09:00Z
http://www.users.globalnet.co.uk:80/~jimg/type-ins/sincprog/destroyv.tap,.tap,13000000,20030325010749,2003-03-25T01:07:49Z
http://www.bigfatpanda.fsnet.co.uk:80/code/kemshu.sna,.sna,3f58279b,20030413212717,2003-04-13T22:27:17Z
http://www.bigblack.org.uk:80/spectrum/A/ACTIONFI.TAP,.tap,13000000,20030425105527,2003-04-25T11:55:27Z
http://www.bigblack.org.uk:80/spectrum/A/ADDRESS.Z80,.z80,0097fef7,20030428214625,2003-04-28T22:46:25Z
http://www.bigblack.org.uk:80/spectrum/A/ADRVERW.Z80,.z80,00543500,20030428214701,2003-04-28T22:47:01Z
http://www.bigblack.org.uk:80/spectrum/A/ADQUEST2.Z80,.z80,00440000,20030428214822,2003-04-28T22:48:22Z
http://www.bigblack.org.uk:80/spectrum/A/ADIDASCF.Z80,.z80,5c04fd7f,20030428214843,2003-04-28T22:48:43Z
http://www.bigblack.org.uk:80/spectrum/A/ADDING.SNA,.sna,3f070087,20030428215238,2003-04-28T22:52:38Z
http://www.bigblack.org.uk:80/spectrum/A/ADVNTLND.Z80,.z80,00500000,20030428215504,2003-04-28T22:55:04Z
http://www.bigblack.org.uk:80/spectrum/A/ADVENT.Z80,.z80,00460000,20030428215506,2003-04-28T22:55:06Z
http://www.bigblack.org.uk:80/spectrum/A/ACTION_R.Z80,.z80,3f043a17,20030428215653,2003-04-28T22:56:53Z
http://www.bigblack.org.uk:80/spectrum/A/AFARCE2.Z80,.z80,106a5595,20030428215853,2003-04-28T22:58:53Z
http://www.bigblack.org.uk:80/spectrum/A/ADDAMS.Z80,.z80,8580fd80,20030428215945,2003-04-28T22:59:45Z
http://www.bigblack.org.uk:80/spectrum/A/ADALADDA.Z80,.z80,00500000,20030428220033,2003-04-28T23:00:33Z
http://www.bigblack.org.uk:80/spectrum/A/ADDER_.Z80,.z80,3d3a0000,20030428220510,2003-04-28T23:05:10Z
http://www.bigblack.org.uk:80/spectrum/A/AFOOTB.TAP,.tap,13000000,20030428220850,2003-04-28T23:08:50Z
http://www.bigblack.org.uk:80/spectrum/A/AGENTX23.Z80,.z80,beaa0000,20030501170020,2003-05-01T18:00:20Z
http://www.bigblack.org.uk:80/spectrum/A/AGENTX22.TAP,.tap,13000000,20030501170524,2003-05-01T18:05:24Z
http://www.bigblack.org.uk:80/spectrum/A/AFS.Z80,.z80,25102511,20030501170848,2003-05-01T18:08:48Z
http://www.bigblack.org.uk:80/spectrum/A/AH_DIDDU.SNA,.sna,3f783e9b,20030501170903,2003-05-01T18:09:03Z
http://www.bigblack.org.uk:80/spectrum/A/AFRICA_G.TAP,.tap,13000000,20030501171201,2003-05-01T18:12:01Z
http://www.bigblack.org.uk:80/spectrum/A/AKYRTZ.Z80,.z80,00500000,20030501171354,2003-05-01T18:13:54Z
http://www.bigblack.org.uk:80/spectrum/A/AFTER_B.TAP,.tap,13000000,20030501171414,2003-05-01T18:14:14Z
http://www.bigblack.org.uk:80/spectrum/A/AFTERMAT.Z80,.z80,00570000,20030501171423,2003-05-01T18:14:23Z
http://www.bigblack.org.uk:80/spectrum/A/AIRWOLF2.Z80,.z80,f7824200,20030501171643,2003-05-01T18:16:43Z
http://www.bigblack.org.uk:80/spectrum/A/AGENTX2.TAP,.tap,13000000,20030501173015,2003-05-01T18:30:15Z
http://www.bigblack.org.uk:80/spectrum/A/ALIENS_.TAP,.tap,13000000,20030504021352,2003-05-04T03:13:52Z
http://www.bigblack.org.uk:80/spectrum/A/ALIEN8.SNA,.sna,3f915919,20030504021919,2003-05-04T03:19:19Z
http://www.bigblack.org.uk:80/spectrum/A/ALIEN8.TAP,.tap,13000000,20030504021919,2003-05-04T03:19:19Z
http://www.bigblack.org.uk:80/spectrum/A/ALCATRA2.TAP,.tap,13000000,20030504022717,2003-05-04T03:27:17Z
http://www.bigblack.org.uk:80/spectrum/A/ALWAYS.SNA,.sna,3f58279b,20030506052948,2003-05-06T06:29:48Z
http://www.bigblack.org.uk:80/spectrum/A/ANDESKYD.Z80,.z80,003a8b00,20030506053000,2003-05-06T06:30:00Z
http://www.bigblack.org.uk:80/spectrum/A/AMAUROTE.SNA,.sna,be00e700,20030506053116,2003-05-06T06:31:16Z
http://www.bigblack.org.uk:80/spectrum/A/AMER_AGT.Z80,.z80,01404a00,20030506053116,2003-05-06T06:31:16Z
http://www.bigblack.org.uk:80/spectrum/A/AND1INTR.SNA,.sna,3f00009b,20030506053142,2003-05-06T06:31:42Z
http://www.bigblack.org.uk:80/spectrum/A/AMOTOS.TAP,.tap,13000000,20030506053615,2003-05-06T06:36:15Z
http://www.bigblack.org.uk:80/spectrum/A/ALIEN__.Z80,.z80,ff820000,20030506053734,2003-05-06T06:37:34Z
http://www.bigblack.org.uk:80/spectrum/A/ALLORNOT.Z80,.z80,ff8201a7,20030506060712,2003-05-06T07:07:12Z
http://www.bigblack.org.uk:80/spectrum/A/ANCIENTB.TAP,.tap,13000000,20030506060831,2003-05-06T07:08:31Z
http://www.bigblack.org.uk:80/spectrum/A/ANARCHY.Z80,.z80,106afa61,20030506060922,2003-05-06T07:09:22Z
http://www.bandstash.co.uk:80/jetsetgaming/JSWdemons.sna,.sna,3f008439,20030506070011,2003-05-06T08:00:11Z
http://www.bigblack.org.uk:80/spectrum/A/ANTATTAC.SNA,.sna,9858279b,20030507212144,2003-05-07T22:21:44Z
http://www.bigblack.org.uk:80/spectrum/A/ANTENY.Z80,.z80,00500000,20030507212306,2003-05-07T22:23:06Z
http://www.bigblack.org.uk:80/spectrum/A/ANTATTA.Z80,.z80,04280000,20030507212323,2003-05-07T22:23:23Z
http://www.bigblack.org.uk:80/spectrum/A/ANDROID2.SNA,.sna,3fc8321b,20030507212443,2003-05-07T22:24:43Z
http://www.bigblack.org.uk:80/spectrum/A/ANDYCAPP.Z80,.z80,01020002,20030507212518,2003-05-07T22:25:18Z
http://www.bigblack.org.uk:80/spectrum/A/ANGLEBAL.Z80,.z80,01404700,20030507212613,2003-05-07T22:26:13Z
http://www.bigblack.org.uk:80/spectrum/A/ANTTILIS.Z80,.z80,1f5c4ba8,20030507212819,2003-05-07T22:28:19Z
http://www.bigblack.org.uk:80/spectrum/A/ANGEL_CC.TAP,.tap,13000000,20030507213145,2003-05-07T22:31:45Z
http://www.bigblack.org.uk:80/spectrum/A/ANOGAIA.Z80,.z80,10460100,20030507213316,2003-05-07T22:33:16Z
http://www.bigblack.org.uk:80/spectrum/A/APOLLO11.Z80,.z80,0054fefe,20030507213429,2003-05-07T22:34:29Z
http://www.bigblack.org.uk:80/spectrum/A/ANDROMED.TAP,.tap,13000000,20030507213846,2003-05-07T22:38:46Z
http://www.bigblack.org.uk:80/spectrum/A/ANTIRIAD.SNA,.sna,fe58279b,20030507213915,2003-05-07T22:39:15Z
http://www.bigblack.org.uk:80/spectrum/A/afrtrail.sna,.sna,3f58279b,20030514170431,2003-05-14T18:04:31Z
http://www.bigblack.org.uk:80/spectrum/A/ace_2088.sna,.sna,fe58279b,20030514170945,2003-05-14T18:09:45Z
http://www.bigblack.org.uk:80/spectrum/A/a_mole2.sna,.sna,fe58279b,20030514171028,2003-05-14T18:10:28Z
http://www.bigblack.org.uk:80/spectrum/A/A_TEAM2.SNA,.sna,3f58279b,20030514171248,2003-05-14T18:12:48Z
http://www.bigblack.org.uk:80/spectrum/A/ArticSnooker.z80,.z80,18843f00,20030514171354,2003-05-14T18:13:54Z
http://www.bigblack.org.uk:80/spectrum/A/advent_b.sna,.sna,89582700,20030514171459,2003-05-14T18:14:59Z
http://www.bigblack.org.uk:80/spectrum/A/a_mole1.sna,.sna,fe58279b,20030514172127,2003-05-14T18:21:27Z
http://www.bigblack.org.uk:80/spectrum/A/advent_c.sna,.sna,3f582700,20030514172140,2003-05-14T18:21:40Z
http://www.bigblack.org.uk:80/spectrum/A/Avaunt.z80,.z80,00e00000,20030514172222,2003-05-14T18:22:22Z
http://www.bigblack.org.uk:80/spectrum/A/advent_a.sna,.sna,3f582700,20030514172400,2003-05-14T18:24:00Z
http://www.bigblack.org.uk:80/spectrum/A/actionforce2.sna,.sna,fea8ed2b,20030514172721,2003-05-14T18:27:21Z
http://www.bigblack.org.uk:80/spectrum/A/amahd.z80,.z80,002a6d04,20030515181009,2003-05-15T19:10:09Z
http://www.bigblack.org.uk:80/spectrum/A/alpharai.z80,.z80,00500000,20030515181517,2003-05-15T19:15:17Z
http://www.bigblack.org.uk:80/spectrum/A/anything.sna,.sna,3fa1599b,20030515181553,2003-05-15T19:15:53Z
http://www.bigblack.org.uk:80/spectrum/A/amaur128.z80,.z80,2002000e,20030515181605,2003-05-15T19:16:05Z
http://www.bigblack.org.uk:80/spectrum/A/alien.z80,.z80,082a1802,20030515181803,2003-05-15T19:18:03Z
http://www.bigblack.org.uk:80/spectrum/A/aquaplan.sna,.sna,8d58279b,20030515181804,2003-05-15T19:18:04Z
http://www.bigblack.org.uk:80/spectrum/A/arabian.sna,.sna,3f582707,20030515181826,2003-05-15T19:18:26Z
http://www.bigblack.org.uk:80/spectrum/A/ak_chess.sna,.sna,3f58ff9b,20030515181842,2003-05-15T19:18:42Z
http://www.bigblack.org.uk:80/spectrum/A/aft_war2.sna,.sna,b858279b,20030515182000,2003-05-15T19:20:00Z
http://www.bigblack.org.uk:80/spectrum/A/alevol.z80,.z80,11f90da0,20030515182116,2003-05-15T19:21:16Z
http://www.bigblack.org.uk:80/spectrum/A/antics.sna,.sna,df58279b,20030515182352,2003-05-15T19:23:52Z
http://www.bigblack.org.uk:80/spectrum/A/aliendes.z80,.z80,006afa00,20030515182659,2003-05-15T19:26:59Z
http://www.bigblack.org.uk:80/spectrum/A/astro_m2.sna,.sna,c068df08,20030516165752,2003-05-16T17:57:52Z
http://www.bigblack.org.uk:80/spectrum/A/armym1.z80,.z80,1002fbbe,20030516165926,2003-05-16T17:59:26Z
http://www.bigblack.org.uk:80/spectrum/A/arnhem.sna,.sna,3f58279b,20030516170447,2003-05-16T18:04:47Z
http://www.bigblack.org.uk:80/spectrum/A/ashes.sna,.sna,3fffff9b,20030516170722,2003-05-16T18:07:22Z
http://www.bigblack.org.uk:80/spectrum/A/artstudio.sna,.sna,3f582738,20030516170819,2003-05-16T18:08:19Z
http://www.bigblack.org.uk:80/spectrum/A/arrow.z80,.z80,ff93fef7,20030516170855,2003-05-16T18:08:55Z
http://www.bigblack.org.uk:80/spectrum/A/arkos1.sna,.sna,3f58279b,20030516171226,2003-05-16T18:12:26Z
http://www.bigblack.org.uk:80/spectrum/A/arena.z80,.z80,ff6a2118,20030516171258,2003-05-16T18:12:58Z
http://www.bigblack.org.uk:80/spectrum/A/arma128.z80,.z80,092a1003,20030516171259,2003-05-16T18:12:59Z
http://www.bigblack.org.uk:80/spectrum/A/astro_m1.sna,.sna,3f58279b,20030516171604,2003-05-16T18:16:04Z
http://www.bigblack.org.uk:80/spectrum/A/assasini.sna,.sna,3f7f109b,20030516171827,2003-05-16T18:18:27Z
http://www.bigblack.org.uk:80/spectrum/A/arkanoid.sna,.sna,3f12ea01,20030516172214,2003-05-16T18:22:14Z
http://www.ysrnry.co.uk:80/ys3/issue13/smash.tap,.tap,13000000,20030516215014,2003-05-16T22:50:14Z
http://www.ysrnry.co.uk:80/ys3/issue5/tape/smash03.tap,.tap,13000000,20030516215257,2003-05-16T22:52:57Z
http://www.ysrnry.co.uk:80/ys3/issue6/tape/smash04.tap,.tap,13000000,20030516215614,2003-05-16T22:56:14Z
http://www.bigblack.org.uk:80/spectrum/A/automani.sna,.sna,3fe09fb7,20030517191541,2003-05-17T20:15:41Z
http://www.bigblack.org.uk:80/spectrum/A/astronom.sna,.sna,3f97019b,20030517192530,2003-05-17T20:25:30Z
http://www.bigblack.org.uk:80/spectrum/A/astronut.z80,.z80,bf024400,20030517193502,2003-05-17T20:35:02Z
http://www.bigblack.org.uk:80/spectrum/A/aufmonty.sna,.sna,3fb85a3e,20030517201003,2003-05-17T21:10:03Z
http://www.bigblack.org.uk:80/spectrum/C/CAGARA.Z80,.z80,080a0b03,20030517201016,2003-05-17T21:10:16Z
http://www.bigblack.org.uk:80/spectrum/A/austerli.sna,.sna,3f200020,20030517201027,2003-05-17T21:10:27Z
http://www.bigblack.org.uk:80/spectrum/A/atf.sna,.sna,82f2ff9b,20030517201051,2003-05-17T21:10:51Z
http://www.bigblack.org.uk:80/spectrum/C/CABAL.Z80,.z80,0054fdbf,20030517201210,2003-05-17T21:12:10Z
http://www.bigblack.org.uk:80/spectrum/C/CAESARTC.SNA,.sna,3f582731,20030517201216,2003-05-17T21:12:16Z
http://www.bigblack.org.uk:80/spectrum/C/CAD.Z80,.z80,00bbcc05,20030517201355,2003-05-17T21:13:55Z
http://www.bigblack.org.uk:80/spectrum/C/CALL_SAM.SNA,.sna,3f04e7e3,20030518205140,2003-05-18T21:51:40Z
http://www.bigblack.org.uk:80/spectrum/C/CARDS.Z80,.z80,00001800,20030518205154,2003-05-18T21:51:54Z
http://www.bigblack.org.uk:80/spectrum/C/CARPETCA.TAP,.tap,13000000,20030518205229,2003-05-18T21:52:29Z
http://www.bigblack.org.uk:80/spectrum/C/CAMELOT.SNA,.sna,3f00009b,20030518205557,2003-05-18T21:55:57Z
http://www.bigblack.org.uk:80/spectrum/C/CARRIERC.Z80,.z80,20000f55,20030518205810,2003-05-18T21:58:10Z
http://www.bigblack.org.uk:80/spectrum/C/CARTOON.Z80,.z80,363a0080,20030518205938,2003-05-18T21:59:38Z
http://www.bigblack.org.uk:80/spectrum/C/CAPMAN.SNA,.sna,3f50589b,20030518210112,2003-05-18T22:01:12Z
http://www.bigblack.org.uk:80/spectrum/C/CANNONBA.Z80,.z80,206a0158,20030518210301,2003-05-18T22:03:01Z
http://www.bigblack.org.uk:80/spectrum/C/CAPTSEV2.TAP,.tap,13000000,20030518210459,2003-05-18T22:04:59Z
http://www.bigblack.org.uk:80/spectrum/C/CANY_WAR.SNA,.sna,fe78fcdb,20030518210551,2003-05-18T22:05:51Z
http://www.bigblack.org.uk:80/spectrum/C/CAPTFIZZ.TAP,.tap,13000000,20030518210741,2003-05-18T22:07:41Z
http://www.bigblack.org.uk:80/spectrum/C/CAPTBLOO.Z80,.z80,bf16fef7,20030518210843,2003-05-18T22:08:43Z
http://www.bigblack.org.uk:80/spectrum/C/CC48PT1.Z80,.z80,005c0604,20030519204645,2003-05-19T21:46:45Z
http://www.bigblack.org.uk:80/spectrum/C/CAULDRO2.Z80,.z80,182a2401,20030519205025,2003-05-19T21:50:25Z
http://www.bigblack.org.uk:80/spectrum/C/CASTCOLD.Z80,.z80,1e80d0a4,20030519205125,2003-05-19T21:51:25Z
http://www.bigblack.org.uk:80/spectrum/C/CAR_JOUR.Z80,.z80,cc4a0000,20030519205308,2003-05-19T21:53:08Z
http://www.bigblack.org.uk:80/spectrum/C/CATNMOUS.SNA,.sna,3ffb039b,20030519205502,2003-05-19T21:55:02Z
http://www.bigblack.org.uk:80/spectrum/C/CASANOVA.TAP,.tap,13000000,20030519205534,2003-05-19T21:55:34Z
http://www.bigblack.org.uk:80/spectrum/C/CAVES_DO.SNA,.sna,3f58279b,20030519205608,2003-05-19T21:56:08Z
http://www.bigblack.org.uk:80/spectrum/C/CASEYJON.TAP,.tap,13000000,20030519205909,2003-05-19T21:59:09Z
http://www.bigblack.org.uk:80/spectrum/C/CC48PT2.Z80,.z80,115c5303,20030519210043,2003-05-19T22:00:43Z
http://www.bigblack.org.uk:80/spectrum/C/CHAMPRUN.Z80,.z80,50002dd6,20030520205932,2003-05-20T21:59:32Z
http://www.bigblack.org.uk:80/spectrum/C/CHAMPSED.Z80,.z80,0051fefd,20030520210208,2003-05-20T22:02:08Z
http://www.bigblack.org.uk:80/spectrum/C/CHAPLIN.Z80,.z80,73009045,20030520210829,2003-05-20T22:08:29Z
http://www.bigblack.org.uk:80/spectrum/C/CHBASKBL.TAP,.tap,13000000,20030520210833,2003-05-20T22:08:33Z
http://www.bigblack.org.uk:80/spectrum/C/CHASEHQ.Z80,.z80,0054fdbe,20030520210940,2003-05-20T22:09:40Z
http://www.bigblack.org.uk:80/spectrum/C/CHEMIE.Z80,.z80,c7ba3b00,20030520211139,2003-05-20T22:11:39Z
http://www.bigblack.org.uk:80/spectrum/C/CHAMPDAR.TAP,.tap,13000000,20030520211554,2003-05-20T22:15:54Z
http://www.bigblack.org.uk:80/spectrum/C/CHEMIST2.Z80,.z80,ff800500,20030520211631,2003-05-20T22:16:31Z
http://www.bigblack.org.uk:80/spectrum/C/CHIMERAP.TAP,.tap,13000000,20030521160238,2003-05-21T17:02:38Z
http://www.bigblack.org.uk:80/spectrum/C/CHILLER.Z80,.z80,bf42fef7,20030521160245,2003-05-21T17:02:45Z
http://www.bigblack.org.uk:80/spectrum/C/CHOPRESC.Z80,.z80,3c000a07,20030521160345,2003-05-21T17:03:45Z
http://www.bigblack.org.uk:80/spectrum/C/CHINHORO.Z80,.z80,1c2a0402,20030521160759,2003-05-21T17:07:59Z
http://www.bigblack.org.uk:80/spectrum/C/CHINJUGG.Z80,.z80,042a0000,20030521160912,2003-05-21T17:09:12Z
http://www.bigblack.org.uk:80/spectrum/C/CHIPS_CH.TAP,.tap,13000000,20030521161238,2003-05-21T17:12:38Z
http://www.bigblack.org.uk:80/spectrum/C/CHEQFLAG.SNA,.sna,3f784c2c,20030521161256,2003-05-21T17:12:56Z
http://www.bigblack.org.uk:80/spectrum/C/CHIRON.TAP,.tap,13000000,20030521161355,2003-05-21T17:13:55Z
http://www.bigblack.org.uk:80/spectrum/C/CHESSPLY.Z80,.z80,01403500,20030521161523,2003-05-21T17:15:23Z
http://www.bigblack.org.uk:80/spectrum/C/CHICAGO.TAP,.tap,13000000,20030521161620,2003-05-21T17:16:20Z
http://www.bigblack.org.uk:80/spectrum/C/CHOPLIFT.SNA,.sna,3f58279b,20030521161624,2003-05-21T17:16:24Z
http://www.bigblack.org.uk:80/spectrum/C/CHEVYCHA.Z80,.z80,064d5e02,20030521161649,2003-05-21T17:16:49Z
http://www.bigblack.org.uk:80/spectrum/C/CHUBBY.Z80,.z80,4414fa0e,20030522132226,2003-05-22T14:22:26Z
http://www.bigblack.org.uk:80/spectrum/C/CIRCLE.SNA,.sna,3f58279b,20030522133055,2003-05-22T14:30:55Z
http://www.bigblack.org.uk:80/spectrum/C/CLE_SMAR.Z80,.z80,ff440000,20030522133502,2003-05-22T14:35:02Z
http://www.bigblack.org.uk:80/spectrum/C/CIRC_GAM.TAP,.tap,13000000,20030522133505,2003-05-22T14:35:05Z
http://www.bigblack.org.uk:80/spectrum/C/CIRCUS.Z80,.z80,00500000,20030522133713,2003-05-22T14:37:13Z
http://www.bigblack.org.uk:80/spectrum/C/CKDEMO.TAP,.tap,13000000,20030522134530,2003-05-22T14:45:30Z
http://www.bigblack.org.uk:80/spectrum/C/CLIMBER.Z80,.z80,38650080,20030522134616,2003-05-22T14:46:16Z
http://www.bigblack.org.uk:80/spectrum/C/CHRDEMDK.Z80,.z80,3daa4141,20030522135049,2003-05-22T14:50:49Z
http://www.bigblack.org.uk:80/spectrum/C/COMBATZO.TAP,.tap,13000000,20030524152343,2003-05-24T16:23:43Z
http://www.bigblack.org.uk:80/spectrum/C/CONQUEST.Z80,.z80,182a0601,20030524152534,2003-05-24T16:25:34Z
http://www.bigblack.org.uk:80/spectrum/C/COMPILER.Z80,.z80,00462017,20030524152958,2003-05-24T16:29:58Z
http://www.bigblack.org.uk:80/spectrum/C/CONFUZN.TAP,.tap,13000000,20030524153815,2003-05-24T16:38:15Z
http://www.bigblack.org.uk:80/spectrum/C/CONCERT.SNA,.sna,3f070087,20030524153958,2003-05-24T16:39:58Z
http://www.bigblack.org.uk:80/spectrum/C/CONQUEST.TAP,.tap,13000000,20030524154714,2003-05-24T16:47:14Z
http://bandstash.co.uk:80/jetsetgaming/JSM.Z80,.z80,000a0469,20030623041522,2003-06-23T05:15:22Z
http://web.ukonline.co.uk:80/listener/ripe/Bombman.z80,.z80,206aa6c4,20030710042214,2003-07-10T05:22:14Z
http://web.ukonline.co.uk:80/listener/ripe/Dinablst.z80,.z80,01542a00,20030710042424,2003-07-10T05:24:24Z
http://web.ukonline.co.uk:80/listener/ripe/Earthshk.z80,.z80,95849500,20030710043434,2003-07-10T05:34:34Z
http://web.ukonline.co.uk:80/listener/Jetpac.z80,.z80,45100001,20030823020434,2003-08-23T03:04:34Z
http://www.ysrnry.co.uk:80/ys3/issue5/tape/smash03.tap,.tap,13000000,20030910005330,2003-09-10T01:53:30Z
http://www.ysrnry.co.uk:80/ys3/issue6/tape/smash04.tap,.tap,13000000,20030910005912,2003-09-10T01:59:12Z
http://www.ysrnry.co.uk:80/ys3/issue13/scrmap.tap,.tap,13000000,20030924000002,2003-09-24T01:00:02Z
http://web.ukonline.co.uk:80/listener/ripe/Jetpac.z80,.z80,45100001,20030930192734,2003-09-30T20:27:34Z
http://web.ukonline.co.uk:80/listener/ripe/Dinablst.z80,.z80,01542a00,20030930205904,2003-09-30T21:59:04Z
http://www.autolaunch.freeserve.co.uk:80/buggy.sna,.sna,3f00009b,20031001012427,2003-10-01T02:24:27Z
http://www.autolaunch.freeserve.co.uk:80/boat_run.sna,.sna,3f20589b,20031002210429,2003-10-02T22:04:29Z
http://www.zxsoftware.co.uk:80/R/tzx/Rod-Land.tzx,.tzx,5a585461,20031003050705,2003-10-03T06:07:05Z
http://www.autolaunch.freeserve.co.uk:80/buggy.sna,.sna,3f00009b,20031003085056,2003-10-03T09:50:56Z
http://www.bandstash.co.uk:80/jetsetgaming/JSWdemons.sna,.sna,3f008439,20031007210454,2003-10-07T22:04:54Z
http://www.ysrnry.co.uk:80/ys3/issue5/tape/smash03.tap,.tap,13000000,20031128091329,2003-11-28T09:13:29Z
http://www.ysrnry.co.uk:80/ys3/issue6/tape/smash04.tap,.tap,13000000,20031214073616,2003-12-14T07:36:16Z
http://www.woodcock88.freeserve.co.uk:80/BLINK.sna,.sna,3fd5b037,20040107030834,2004-01-07T03:08:34Z
http://www.users.globalnet.co.uk:80/~jg27paw4/type-ins/oddsends/cheshire.tap,.tap,13000000,20040131020349,2004-01-31T02:03:49Z
http://www.aetherflux.co.uk:80/games/brucelee.z80,.z80,00780000,20040321021526,2004-03-21T02:15:26Z
http://www.woodcock88.freeserve.co.uk:80/BLINK.sna,.sna,3fd5b037,20040429032045,2004-04-29T04:20:45Z
http://www.zxsoftware.co.uk:80/F/tzx/F16%20-%20Fighting%20Falcon%20-%20Lightgun%20(Mastertronic).tzx,.tzx,5a585461,20040620161645,2004-06-20T17:16:45Z
http://www.zxsoftware.co.uk:80/F/tzx/Falklands%20'82.tzx,.tzx,5a585461,20040620163046,2004-06-20T17:30:46Z
http://www.zxsoftware.co.uk:80/F/tzx/Fernandez%20Must%20Die%20(MCM).tzx,.tzx,5a585461,20040620164809,2004-06-20T17:48:09Z
http://www.zxsoftware.co.uk:80/F/tzx/Final%20Assault.tzx,.tzx,5a585461,20040620170249,2004-06-20T18:02:49Z
http://www.zxsoftware.co.uk:80/F/tzx/F1%20Tornado%20Simulator.tzx,.tzx,5a585461,20040621132610,2004-06-21T14:26:10Z
http://www.zxsoftware.co.uk:80/F/tzx/Fairlight%20-%2048k.tzx,.tzx,5a585461,20040621134329,2004-06-21T14:43:29Z
http://www.zxsoftware.co.uk:80/F/tzx/Fighting%20Warrior%20(Mastertronic%20Plus).tzx,.tzx,5a585461,20040621142355,2004-06-21T15:23:55Z
http://www.zxsoftware.co.uk:80/F/tzx/FA%20Cup%20Football%20(Ricochet).tzx,.tzx,5a585461,20040621221849,2004-06-21T23:18:49Z
http://www.zxsoftware.co.uk:80/F/tzx/Fantasia%20Diamond.tzx,.tzx,5a585461,20040621223159,2004-06-21T23:31:59Z
http://www.zxsoftware.co.uk:80/F/tzx/Fernandez%20Must%20Die.tzx,.tzx,5a585461,20040621224942,2004-06-21T23:49:42Z
http://www.zxsoftware.co.uk:80/F/tzx/Finders%20Keepers.tzx,.tzx,5a585461,20040621230234,2004-06-22T00:02:34Z
http://www.zxsoftware.co.uk:80/F/tzx/Factory%20Breakout.tzx,.tzx,5a585461,20040623000748,2004-06-23T01:07:48Z
http://www.woodcock88.freeserve.co.uk:80/BLINK.sna,.sna,3fd5b037,20040623032422,2004-06-23T04:24:22Z
http://www.zxsoftware.co.uk:80/F/tzx/Fist%202%20(Mastertronic%20Plus).tzx,.tzx,5a585461,20040625144213,2004-06-25T15:42:13Z
http://www.zxsoftware.co.uk:80/F/tzx/Five%20Star%20Games%203%20-%20Side%20B.tzx,.tzx,5a585461,20040625151230,2004-06-25T16:12:30Z
http://www.zxsoftware.co.uk:80/F/tzx/Flight%20Path%20737.tzx,.tzx,5a585461,20040625152040,2004-06-25T16:20:40Z
http://www.zxsoftware.co.uk:80/F/tzx/The%20Fast%20And%20The%20Furious.tzx,.tzx,5a585461,20040625153759,2004-06-25T16:37:59Z
http://www.zxsoftware.co.uk:80/F/tzx/Firelord.tzx,.tzx,5a585461,20040625175649,2004-06-25T18:56:49Z
http://www.zxsoftware.co.uk:80/F/tzx/First%20Past%20The%20Post.tzx,.tzx,5a585461,20040625175750,2004-06-25T18:57:50Z
http://www.zxsoftware.co.uk:80/F/tzx/Five%20Dice.tzx,.tzx,5a585461,20040625181607,2004-06-25T19:16:07Z
http://www.zxsoftware.co.uk:80/F/tzx/Five%20Star%20Games%203%20-%20Side%20A.tzx,.tzx,5a585461,20040625183911,2004-06-25T19:39:11Z
http://www.zxsoftware.co.uk:80/F/tzx/TCEPTOR.TZX,.tzx,5a585461,20040625190454,2004-06-25T20:04:54Z
http://www.zxsoftware.co.uk:80/F/tzx/fax.tzx,.tzx,5a585461,20040625192832,2004-06-25T20:28:32Z
http://www.zxsoftware.co.uk:80/F/tzx/F-16%20Combat%20Pilot%20(Action%20Sixteen).tzx,.tzx,5a585461,20040627113629,2004-06-27T12:36:29Z
http://www.zxsoftware.co.uk:80/F/tzx/Afterburner%20-%2048k%20-%20Side%20A.tzx,.tzx,5a585461,20040627173415,2004-06-27T18:34:15Z
http://www.zxsoftware.co.uk:80/F/tzx/Fighting%20Warrior.tzx,.tzx,5a585461,20040627174310,2004-06-27T18:43:10Z
http://www.zxsoftware.co.uk:80/F/tzx/First%20Numbers%20-%20Side%20B.tzx,.tzx,5a585461,20040627183316,2004-06-27T19:33:16Z
http://www.zxsoftware.co.uk:80/F/tzx/Five%20Star%20Games%20Tape%201.tzx,.tzx,5a585461,20040627184407,2004-06-27T19:44:07Z
http://www.zxsoftware.co.uk:80/F/tzx/Flip%20Flap.tzx,.tzx,5a585461,20040627185500,2004-06-27T19:55:00Z
http://www.zxsoftware.co.uk:80/F/tzx/Fall%20Guy.tzx,.tzx,5a585461,20040627185932,2004-06-27T19:59:32Z
http://www.zxsoftware.co.uk:80/F/tzx/Falcon%20Patrol%202%20(Bug-Byte).tzx,.tzx,5a585461,20040627201544,2004-06-27T21:15:44Z
http://www.zxsoftware.co.uk:80/F/tzx/First%20Numbers%20-%20Side%20A.tzx,.tzx,5a585461,20040627202717,2004-06-27T21:27:17Z
http://www.zxsoftware.co.uk:80/F/tzx/Flight%20Simulation.tzx,.tzx,5a585461,20040627210142,2004-06-27T22:01:42Z
http://www.zxsoftware.co.uk:80/F/tzx/F15%20Strike%20Eagle.tzx,.tzx,5a585461,20040627212116,2004-06-27T22:21:16Z
http://www.zxsoftware.co.uk:80/F/tzx/Flash%20Gordon.tzx,.tzx,5a585461,20040630064215,2004-06-30T07:42:15Z
http://www.zxsoftware.co.uk:80/F/tzx/Five%20Star%20Games%202%20-%20Side%20B.tzx,.tzx,5a585461,20040630150431,2004-06-30T16:04:31Z
http://www.zxsoftware.co.uk:80/F/tzx/Five%20Star%20Games%202%20-%20Side%20A.tzx,.tzx,5a585461,20040630151953,2004-06-30T16:19:53Z
http://www.zxsoftware.co.uk:80/F/tzx/The%20Final%20Mission.tzx,.tzx,5a585461,20040630153555,2004-06-30T16:35:55Z
http://www.zxsoftware.co.uk:80/F/tzx/Frightmare%20-%2048k%20(Summit).tzx,.tzx,5a585461,20040630201331,2004-06-30T21:13:31Z
http://www.zxsoftware.co.uk:80/F/tzx/The%20Fourth%20Protocol%20-%20Part%201.tzx,.tzx,5a585461,20040630201440,2004-06-30T21:14:40Z
http://www.zxsoftware.co.uk:80/F/tzx/Football%20Manager%202.tzx,.tzx,5a585461,20040630201617,2004-06-30T21:16:17Z
http://www.zxsoftware.co.uk:80/F/tzx/Front%20Line%20Master%20Tape.tzx,.tzx,5a585461,20040630201755,2004-06-30T21:17:55Z
http://www.zxsoftware.co.uk:80/F/tzx/Football%20Manager.tzx,.tzx,5a585461,20040630201821,2004-06-30T21:18:21Z
http://www.zxsoftware.co.uk:80/F/tzx/Frank%20Bruno's%20Boxing%20-%20Side%202.tzx,.tzx,5a585461,20040630202003,2004-06-30T21:20:03Z
http://www.zxsoftware.co.uk:80/F/tzx/Full%20Throttle.tzx,.tzx,5a585461,20040630202652,2004-06-30T21:26:52Z
http://www.zxsoftware.co.uk:80/F/tzx/The%20Fourth%20Protocol%20-%20Part%203.tzx,.tzx,5a585461,20040630202657,2004-06-30T21:26:57Z
http://www.zxsoftware.co.uk:80/F/tzx/Fred.tzx,.tzx,5a585461,20040630202739,2004-06-30T21:27:39Z
http://www.zxsoftware.co.uk:80/F/tzx/Forth.tzx,.tzx,5a585461,20040630212817,2004-06-30T22:28:17Z
http://www.zxsoftware.co.uk:80/F/tzx/Football%20Manager%202%20-%20Expansion%20Kit.tzx,.tzx,5a585461,20040630212832,2004-06-30T22:28:32Z
http://www.zxsoftware.co.uk:80/F/tzx/Football%20Champions.tzx,.tzx,5a585461,20040630213325,2004-06-30T22:33:25Z
http://www.zxsoftware.co.uk:80/F/tzx/Force%20Fighter.tzx,.tzx,5a585461,20040630213540,2004-06-30T22:35:40Z
http://www.zxsoftware.co.uk:80/F/tzx/Football%20Manager%20(Prism%20Leisure).tzx,.tzx,5a585461,20040630213612,2004-06-30T22:36:12Z
http://www.zxsoftware.co.uk:80/F/tzx/Freddy%20Hardest%20-%20Part%201.tzx,.tzx,5a585461,20040630213856,2004-06-30T22:38:56Z
http://www.zxsoftware.co.uk:80/F/tzx/Frank%20Bruno's%20Boxing%20-%20Side%202%20(Encore).tzx,.tzx,5a585461,20040630220319,2004-06-30T23:03:19Z
http://www.zxsoftware.co.uk:80/F/tzx/Football%20Director.tzx,.tzx,5a585461,20040630222102,2004-06-30T23:21:02Z
http://www.zxsoftware.co.uk:80/F/tzx/Football%20Manager%20-%20World%20Cup%20Edition.tzx,.tzx,5a585461,20040630222757,2004-06-30T23:27:57Z
http://www.zxsoftware.co.uk:80/F/tzx/Forest%20At%20The%20Worlds%20End.tzx,.tzx,5a585461,20040630223522,2004-06-30T23:35:22Z
http://www.zxsoftware.co.uk:80/F/tzx/Fun%20School%202%20For%20The%20Over-8s%20-%20Side%20B%20(The%20Hit%20Squad).tzx,.tzx,5a585461,20040702204053,2004-07-02T21:40:53Z
http://www.zxsoftware.co.uk:80/F/tzx/Four%20Great%20Games%20-%20Tape%202%20-%20Side%20B.tzx,.tzx,5a585461,20040702204341,2004-07-02T21:43:41Z
http://www.zxsoftware.co.uk:80/F/tzx/Four%20Great%20Games%20-%20Tape%201%20-%20Side%20A.tzx,.tzx,5a585461,20040702204922,2004-07-02T21:49:22Z
http://www.zxsoftware.co.uk:80/F/tzx/Fun%20School%202%20For%20The%20Over-8s%20-%20Side%20A%20(The%20Hit%20Squad).tzx,.tzx,5a585461,20040702205145,2004-07-02T21:51:45Z
http://www.zxsoftware.co.uk:80/F/tzx/Four%20Great%20Games%20-%20Tape%202%20-%20Side%20A.tzx,.tzx,5a585461,20040702205241,2004-07-02T21:52:41Z
http://www.zxsoftware.co.uk:80/F/tzx/French%20Vocabulary%20-%20Rose%20Software%20-%20Side%202.tzx,.tzx,5a585461,20040702210510,2004-07-02T22:05:10Z
http://www.zxsoftware.co.uk:80/D/tzx/Discs%20Of%20Death.tzx,.tzx,5a585461,20040702210703,2004-07-02T22:07:03Z
http://www.zxsoftware.co.uk:80/S/tzx/Stainless%20Steel.tzx,.tzx,5a585461,20040702211103,2004-07-02T22:11:03Z
http://www.zxsoftware.co.uk:80/F/tzx/Football%20Director%202.tzx,.tzx,5a585461,20040702211532,2004-07-02T22:15:32Z
http://www.zxsoftware.co.uk:80/F/tzx/Football%20Fever.tzx,.tzx,5a585461,20040702213537,2004-07-02T22:35:37Z
http://www.zxsoftware.co.uk:80/F/tzx/Fruit%20Machine.tzx,.tzx,5a585461,20040702214504,2004-07-02T22:45:04Z
http://www.zxsoftware.co.uk:80/F/tzx/Football%20Manager%203.tzx,.tzx,5a585461,20040702215235,2004-07-02T22:52:35Z
http://www.zxsoftware.co.uk:80/F/tzx/Four%20Great%20Games%20Volume%203%20Tape%201%20-%20Side%20A.tzx,.tzx,5a585461,20040702215738,2004-07-02T22:57:38Z
http://www.zxsoftware.co.uk:80/F/tzx/Four%20Great%20Games%20Volume%203%20Tape%202%20-%20Side%20B.tzx,.tzx,5a585461,20040702220030,2004-07-02T23:00:30Z
http://www.zxsoftware.co.uk:80/F/tzx/Fruit%20Snapper.tzx,.tzx,5a585461,20040702220609,2004-07-02T23:06:09Z
http://www.zxsoftware.co.uk:80/F/tzx/Football%20Frenzy.tzx,.tzx,5a585461,20040702223259,2004-07-02T23:32:59Z
http://www.zxsoftware.co.uk:80/F/tzx/Formula%201%20Simulator.tzx,.tzx,5a585461,20040702223840,2004-07-02T23:38:40Z
http://www.zxsoftware.co.uk:80/F/tzx/Flyer%20Fox.tzx,.tzx,5a585461,20040702224424,2004-07-02T23:44:24Z
http://www.zxsoftware.co.uk:80/F/tzx/French%20Is%20Fun.tzx,.tzx,5a585461,20040702224638,2004-07-02T23:46:38Z
http://www.zxsoftware.co.uk:80/F/tzx/Frankenstein%20-%20Side%20B.tzx,.tzx,5a585461,20040702230609,2004-07-03T00:06:09Z
http://www.zxsoftware.co.uk:80/F/tzx/Four%20Smash%20Hits.tzx,.tzx,5a585461,20040702232601,2004-07-03T00:26:01Z
http://www.zxsoftware.co.uk:80/F/tzx/Frankenstein%20-%20Side%20A.tzx,.tzx,5a585461,20040702234013,2004-07-03T00:40:13Z
http://www.zxsoftware.co.uk:80/F/tzx/Frenzy.tzx,.tzx,5a585461,20040702234608,2004-07-03T00:46:08Z
http://www.zxsoftware.co.uk:80/F/tzx/Footballer%20Of%20The%20Year%20(Kixx).tzx,.tzx,5a585461,20040702234859,2004-07-03T00:48:59Z
http://www.zxsoftware.co.uk:80/F/tzx/Formula%20Grand%20Prix%20(Alternative).tzx,.tzx,5a585461,20040703011749,2004-07-03T02:17:49Z
http://www.zxsoftware.co.uk:80/F/tzx/Flying%20Shark.tzx,.tzx,5a585461,20040703012154,2004-07-03T02:21:54Z
http://www.zxsoftware.co.uk:80/F/tzx/Footballer%20Of%20The%20Year%202.tzx,.tzx,5a585461,20040703013046,2004-07-03T02:30:46Z
http://www.zxsoftware.co.uk:80/F/tzx/Full%20Throttle%202.tzx,.tzx,5a585461,20040703014357,2004-07-03T02:43:57Z
http://www.aetherflux.co.uk:80/games/brucelee.z80,.z80,00780000,20040719031038,2004-07-19T04:10:38Z
http://www.zxsoftware.co.uk:80/D/tzx/Delta%20Wing%20-%202%20Player.tzx,.tzx,5a585461,20040721185437,2004-07-21T19:54:37Z
http://www.zxsoftware.co.uk:80/E/tzx/The%20Evil%20Dead.tzx,.tzx,5a585461,20040721191027,2004-07-21T20:10:27Z
http://www.zxsoftware.co.uk:80/K/tzx/Kung-Fu%20Master.tzx,.tzx,5a585461,20040721193707,2004-07-21T20:37:07Z
http://www.zxsoftware.co.uk:80/P/tzx/Project%20Stealth%20Fighter%20-%20Mission%20Tape%20-%20Side%201.tzx,.tzx,5a585461,20040721194422,2004-07-21T20:44:22Z
http://www.zxsoftware.co.uk:80/P/tzx/Project%20Stealth%20Fighter%20-%20Flight%20Preparation%20Tape%20-%20Side%202.tzx,.tzx,5a585461,20040721195213,2004-07-21T20:52:13Z
http://www.zxsoftware.co.uk:80/S/tzx/Shinobi.tzx,.tzx,5a585461,20040721195431,2004-07-21T20:54:31Z
http://www.zxsoftware.co.uk:80/P/tzx/Project%20Stealth%20Fighter%20-%20Mission%20Tape%20-%20Side%202.tzx,.tzx,5a585461,20040721195448,2004-07-21T20:54:48Z
http://www.zxsoftware.co.uk:80/S/tzx/Super%20Cycle.tzx,.tzx,5a585461,20040722034726,2004-07-22T04:47:26Z
http://www.zxsoftware.co.uk:80/S/tzx/Summertime%20Specials%20Tape%20B%20-%20Side%202.tzx,.tzx,5a585461,20040722034805,2004-07-22T04:48:05Z
http://www.zxsoftware.co.uk:80/S/tzx/Styx.tzx,.tzx,5a585461,20040722034836,2004-07-22T04:48:36Z
http://www.zxsoftware.co.uk:80/S/tzx/Summertime%20Specials%20Tape%20A%20-%20Side%202.tzx,.tzx,5a585461,20040722034904,2004-07-22T04:49:04Z
http://www.zxsoftware.co.uk:80/S/tzx/Super%20Cars.tzx,.tzx,5a585461,20040722035245,2004-07-22T04:52:45Z
http://www.zxsoftware.co.uk:80/S/tzx/Submariner.tzx,.tzx,5a585461,20040722035248,2004-07-22T04:52:48Z
http://www.zxsoftware.co.uk:80/S/tzx/Submarine%20Strike.tzx,.tzx,5a585461,20040722035349,2004-07-22T04:53:49Z
http://www.zxsoftware.co.uk:80/S/tzx/Sun%20Star.tzx,.tzx,5a585461,20040722035658,2004-07-22T04:56:58Z
http://www.zxsoftware.co.uk:80/S/tzx/Summertime%20Specials%20Tape%20B%20-%20Side%201.tzx,.tzx,5a585461,20040722035802,2004-07-22T04:58:02Z
http://www.zxsoftware.co.uk:80/S/tzx/Summer%20Games%20-%20Side%20A.tzx,.tzx,5a585461,20040722035910,2004-07-22T04:59:10Z
http://www.zxsoftware.co.uk:80/S/tzx/Subway%20Vigilante.tzx,.tzx,5a585461,20040722035934,2004-07-22T04:59:34Z
http://www.zxsoftware.co.uk:80/S/tzx/Summertime%20Specials%20Tape%20A%20-%20Side%201.tzx,.tzx,5a585461,20040722040020,2004-07-22T05:00:20Z
http://www.zxsoftware.co.uk:80/S/tzx/Super%20Chopper.tzx,.tzx,5a585461,20040722040025,2004-07-22T05:00:25Z
http://www.zxsoftware.co.uk:80/C/tzx/Car%20Journey.tzx,.tzx,5a585461,20040722041546,2004-07-22T05:15:46Z
http://www.zxsoftware.co.uk:80/T/tzx/Turbo%20Outrun%20-%20Side%202.tzx,.tzx,5a585461,20040722144254,2004-07-22T15:42:54Z
http://www.zxsoftware.co.uk:80/Numbers/tzx/4%20Game%20Pack%20No.%203%20-%20Side%20A.tzx,.tzx,5a585461,20040722145642,2004-07-22T15:56:42Z
http://www.zxsoftware.co.uk:80/R/tzx/Road%20Wars.tzx,.tzx,5a585461,20040723155537,2004-07-23T16:55:37Z
http://www.zxsoftware.co.uk:80/K/tzx/The%20King's%20Keep.tzx,.tzx,5a585461,20040804052641,2004-08-04T06:26:41Z
http://www.woodcock88.freeserve.co.uk:80/BLINK.sna,.sna,3fd5b037,20040804135446,2004-08-04T14:54:46Z
http://www.woodcock88.freeserve.co.uk:80/zxf/ZXIF/blink2003.tzx,.tzx,5a585461,20040825113044,2004-08-25T12:30:44Z
http://www.woodcock88.freeserve.co.uk:80/Professional_Adventure_Writer_-_A17C.tzx,.tzx,5a585461,20040825203712,2004-08-25T21:37:12Z
http://users.ox.ac.uk:80/~wadh1342/speccy/phewpong.tzx,.tzx,5a585461,20040928004635,2004-09-28T01:46:35Z
http://www.zxsoftware.co.uk:80/S/tzx/Spectres.tzx,.tzx,5a585461,20041021092859,2004-10-21T10:28:59Z
http://www.zxsoftware.co.uk:80/S/tzx/Slug.tzx,.tzx,5a585461,20041021092957,2004-10-21T10:29:57Z
http://www.zxsoftware.co.uk:80/S/tzx/Soccer%207.tzx,.tzx,5a585461,20041021093345,2004-10-21T10:33:45Z
http://www.zxsoftware.co.uk:80/S/tzx/Spectron.tzx,.tzx,5a585461,20041021093754,2004-10-21T10:37:54Z
http://www.zxsoftware.co.uk:80/S/tzx/Sophistry.tzx,.tzx,5a585461,20041021094023,2004-10-21T10:40:23Z
http://www.zxsoftware.co.uk:80/S/tzx/Snodgits.tzx,.tzx,5a585461,20041021094321,2004-10-21T10:43:21Z
http://www.zxsoftware.co.uk:80/S/tzx/Santa.tzx,.tzx,5a585461,20041021100445,2004-10-21T11:04:45Z
http://www.zxsoftware.co.uk:80/S/tzx/Sarlmoor.tzx,.tzx,5a585461,20041021100449,2004-10-21T11:04:49Z
http://www.zxsoftware.co.uk:80/A/tzx/Antics.tzx,.tzx,5a585461,20041021100733,2004-10-21T11:07:33Z
http://www.zxsoftware.co.uk:80/S/tzx/scope.tzx,.tzx,5a585461,20041021100833,2004-10-21T11:08:33Z
http://www.zxsoftware.co.uk:80/S/tzx/Scramble.tzx,.tzx,5a585461,20041021101116,2004-10-21T11:11:16Z
http://www.zxsoftware.co.uk:80/S/tzx/Satcom.tzx,.tzx,5a585461,20041021101339,2004-10-21T11:13:39Z
http://www.zxsoftware.co.uk:80/S/tzx/SOS.tzx,.tzx,5a585461,20041021101359,2004-10-21T11:13:59Z
http://www.zxsoftware.co.uk:80/B/tzx/Ball%20Crazy.tzx,.tzx,5a585461,20041021101408,2004-10-21T11:14:08Z
http://www.zxsoftware.co.uk:80/S/tzx/Spectipede.tzx,.tzx,5a585461,20041021101415,2004-10-21T11:14:15Z
http://www.zxsoftware.co.uk:80/M/tzx/Marsport.tzx,.tzx,5a585461,20041021101445,2004-10-21T11:14:45Z
http://www.zxsoftware.co.uk:80/S/tzx/Scumball.tzx,.tzx,5a585461,20041021120407,2004-10-21T13:04:07Z
http://www.zxsoftware.co.uk:80/S/tzx/Sentinel.tzx,.tzx,5a585461,20041021121236,2004-10-21T13:12:36Z
http://www.zxsoftware.co.uk:80/S/tzx/Scalextric.tzx,.tzx,5a585461,20041021121445,2004-10-21T13:14:45Z
http://www.zxsoftware.co.uk:80/S/tzx/Sigma%207.tzx,.tzx,5a585461,20041021121459,2004-10-21T13:14:59Z
http://www.zxsoftware.co.uk:80/S/tzx/Submariner.tzx,.tzx,5a585461,20041023212439,2004-10-23T22:24:39Z
http://www.zxsoftware.co.uk:80/S/tzx/SPIKE.TZX,.tzx,5a585461,20041023212507,2004-10-23T22:25:07Z
http://www.zxsoftware.co.uk:80/S/tzx/sqij.tzx,.tzx,5a585461,20041023212523,2004-10-23T22:25:23Z
http://www.zxsoftware.co.uk:80/S/tzx/Stagecoach.tzx,.tzx,5a585461,20041023212539,2004-10-23T22:25:39Z
http://www.zxsoftware.co.uk:80/S/tzx/Styx.tzx,.tzx,5a585461,20041023212603,2004-10-23T22:26:03Z
http://www.zxsoftware.co.uk:80/S/tzx/Streaker.tzx,.tzx,5a585461,20041023212615,2004-10-23T22:26:15Z
http://www.zxsoftware.co.uk:80/S/tzx/Survival.tzx,.tzx,5a585461,20041023212624,2004-10-23T22:26:24Z
http://www.zxsoftware.co.uk:80/S/tzx/Swiv.tzx,.tzx,5a585461,20041023212629,2004-10-23T22:26:29Z
http://www.zxsoftware.co.uk:80/S/tzx/Storm.tzx,.tzx,5a585461,20041023212632,2004-10-23T22:26:32Z
http://www.zxsoftware.co.uk:80/S/tzx/Splat!.tzx,.tzx,5a585461,20041023212636,2004-10-23T22:26:36Z
http://www.zxsoftware.co.uk:80/S/tzx/Starclash.tzx,.tzx,5a585461,20041023212644,2004-10-23T22:26:44Z
http://www.zxsoftware.co.uk:80/S/tzx/STONKERS.TZX,.tzx,5a585461,20041023212656,2004-10-23T22:26:56Z
http://www.zxsoftware.co.uk:80/S/tzx/Stormlord.tzx,.tzx,5a585461,20041023212700,2004-10-23T22:27:00Z
http://www.zxsoftware.co.uk:80/S/tzx/Spectsound.tzx,.tzx,5a585461,20041023212719,2004-10-23T22:27:19Z
http://www.zxsoftware.co.uk:80/S/tzx/Stack%20Up.tzx,.tzx,5a585461,20041023212723,2004-10-23T22:27:23Z
http://www.zxsoftware.co.uk:80/S/tzx/Stalingrad.tzx,.tzx,5a585461,20041023212727,2004-10-23T22:27:27Z
http://www.zxsoftware.co.uk:80/S/tzx/Stop%20Ball.tzx,.tzx,5a585461,20041023212759,2004-10-23T22:27:59Z
http://www.zxsoftware.co.uk:80/S/tzx/Super%20Com.tzx,.tzx,5a585461,20041023212803,2004-10-23T22:28:03Z
http://www.zxsoftware.co.uk:80/S/tzx/Super%20Brat.tzx,.tzx,5a585461,20041024004259,2004-10-24T01:42:59Z
http://www.zxsoftware.co.uk:80/S/tzx/Sun%20Star.tzx,.tzx,5a585461,20041024004423,2004-10-24T01:44:23Z
http://www.zxsoftware.co.uk:80/A/tzx/A-Maze.tzx,.tzx,5a585461,20041024004835,2004-10-24T01:48:35Z
http://www.zxsoftware.co.uk:80/A/tzx/Aaargh!.tzx,.tzx,5a585461,20041024004905,2004-10-24T01:49:05Z
http://www.zxsoftware.co.uk:80/A/tzx/Ad%20Astra.tzx,.tzx,5a585461,20041024004924,2004-10-24T01:49:24Z
http://www.zxsoftware.co.uk:80/A/tzx/Anarchy.tzx,.tzx,5a585461,20041024064609,2004-10-24T07:46:09Z
http://www.zxsoftware.co.uk:80/A/tzx/Aftermath.tzx,.tzx,5a585461,20041024064615,2004-10-24T07:46:15Z
http://www.zxsoftware.co.uk:80/A/tzx/Alien.tzx,.tzx,5a585461,20041024064823,2004-10-24T07:48:23Z
http://www.zxsoftware.co.uk:80/A/tzx/Alpha-Beth.tzx,.tzx,5a585461,20041024064847,2004-10-24T07:48:47Z
http://www.zxsoftware.co.uk:80/C/tzx/Colosseum.tzx,.tzx,5a585461,20041024151821,2004-10-24T16:18:21Z
http://www.zxsoftware.co.uk:80/C/tzx/Centipede.tzx,.tzx,5a585461,20041024151833,2004-10-24T16:18:33Z
http://www.zxsoftware.co.uk:80/A/tzx/Airbrush.tzx,.tzx,5a585461,20041024151839,2004-10-24T16:18:39Z
http://www.zxsoftware.co.uk:80/C/tzx/Cleudo.tzx,.tzx,5a585461,20041024151843,2004-10-24T16:18:43Z
http://www.zxsoftware.co.uk:80/B/tzx/Break%20Thru.tzx,.tzx,5a585461,20041024151847,2004-10-24T16:18:47Z
http://www.zxsoftware.co.uk:80/C/tzx/Convoy.tzx,.tzx,5a585461,20041024151851,2004-10-24T16:18:51Z
http://www.zxsoftware.co.uk:80/B/tzx/Booty.tzx,.tzx,5a585461,20041024151855,2004-10-24T16:18:55Z
http://www.zxsoftware.co.uk:80/C/tzx/Chronos.tzx,.tzx,5a585461,20041024151910,2004-10-24T16:19:10Z
http://www.zxsoftware.co.uk:80/B/tzx/Bounder.tzx,.tzx,5a585461,20041024151926,2004-10-24T16:19:26Z
http://www.zxsoftware.co.uk:80/C/tzx/Centipod.tzx,.tzx,5a585461,20041024151930,2004-10-24T16:19:30Z
http://www.zxsoftware.co.uk:80/C/tzx/Caveman.tzx,.tzx,5a585461,20041024151934,2004-10-24T16:19:34Z
http://www.zxsoftware.co.uk:80/B/tzx/Butterfly.tzx,.tzx,5a585461,20041024151938,2004-10-24T16:19:38Z
http://www.zxsoftware.co.uk:80/C/tzx/Cargo.tzx,.tzx,5a585461,20041024151949,2004-10-24T16:19:49Z
http://www.zxsoftware.co.uk:80/C/tzx/Cerius.tzx,.tzx,5a585461,20041024151953,2004-10-24T16:19:53Z
http://www.zxsoftware.co.uk:80/B/tzx/Bozy%20Boa.tzx,.tzx,5a585461,20041024151957,2004-10-24T16:19:57Z
http://www.zxsoftware.co.uk:80/C/tzx/Cagara.tzx,.tzx,5a585461,20041024152005,2004-10-24T16:20:05Z
http://www.zxsoftware.co.uk:80/C/tzx/Confusion.tzx,.tzx,5a585461,20041024152013,2004-10-24T16:20:13Z
http://www.zxsoftware.co.uk:80/B/tzx/Biorhythms.tzx,.tzx,5a585461,20041024152020,2004-10-24T16:20:20Z
http://www.zxsoftware.co.uk:80/C/tzx/Cat%20Walk.tzx,.tzx,5a585461,20041024152029,2004-10-24T16:20:29Z
http://www.zxsoftware.co.uk:80/C/tzx/Camelot.tzx,.tzx,5a585461,20041024152033,2004-10-24T16:20:33Z
http://www.zxsoftware.co.uk:80/C/tzx/Chuckman.tzx,.tzx,5a585461,20041024152037,2004-10-24T16:20:37Z
http://www.zxsoftware.co.uk:80/C/tzx/COP-OUT.TZX,.tzx,5a585461,20041024152045,2004-10-24T16:20:45Z
http://www.zxsoftware.co.uk:80/B/tzx/Brainstorm.tzx,.tzx,5a585461,20041024152049,2004-10-24T16:20:49Z
http://www.zxsoftware.co.uk:80/C/tzx/Centropods.tzx,.tzx,5a585461,20041024152056,2004-10-24T16:20:56Z
http://www.zxsoftware.co.uk:80/B/tzx/Bismarck.tzx,.tzx,5a585461,20041024152100,2004-10-24T16:21:00Z
http://www.zxsoftware.co.uk:80/C/tzx/Centi-Bug.tzx,.tzx,5a585461,20041024152105,2004-10-24T16:21:05Z
http://www.zxsoftware.co.uk:80/C/tzx/Copta.tzx,.tzx,5a585461,20041024152109,2004-10-24T16:21:09Z
http://www.zxsoftware.co.uk:80/C/tzx/Cavemania.tzx,.tzx,5a585461,20041024152113,2004-10-24T16:21:13Z
http://www.zxsoftware.co.uk:80/C/tzx/Corruption.tzx,.tzx,5a585461,20041024152117,2004-10-24T16:21:17Z
http://www.zxsoftware.co.uk:80/B/tzx/Bomb%20Scare.tzx,.tzx,5a585461,20041024152125,2004-10-24T16:21:25Z
http://www.zxsoftware.co.uk:80/D/tzx/Dietron.tzx,.tzx,5a585461,20041024192711,2004-10-24T20:27:11Z
http://www.zxsoftware.co.uk:80/F/tzx/Firestorm.tzx,.tzx,5a585461,20041024192855,2004-10-24T20:28:55Z
http://www.zxsoftware.co.uk:80/E/tzx/Eights.tzx,.tzx,5a585461,20041024192901,2004-10-24T20:29:01Z
http://www.zxsoftware.co.uk:80/F/tzx/Frenzy.tzx,.tzx,5a585461,20041024192904,2004-10-24T20:29:04Z
http://www.zxsoftware.co.uk:80/C/tzx/Cyclone.tzx,.tzx,5a585461,20041024192928,2004-10-24T20:29:28Z
http://www.zxsoftware.co.uk:80/C/tzx/Crosswize.tzx,.tzx,5a585461,20041024192931,2004-10-24T20:29:31Z
http://www.zxsoftware.co.uk:80/F/tzx/Flippit.tzx,.tzx,5a585461,20041024192935,2004-10-24T20:29:35Z
http://www.zxsoftware.co.uk:80/D/tzx/Dragontorc.tzx,.tzx,5a585461,20041024192957,2004-10-24T20:29:57Z
http://www.zxsoftware.co.uk:80/D/tzx/Dr%20Maddo.tzx,.tzx,5a585461,20041024193009,2004-10-24T20:30:09Z
http://www.zxsoftware.co.uk:80/D/tzx/DYNAMIX.TZX,.tzx,5a585461,20041024193012,2004-10-24T20:30:12Z
http://www.zxsoftware.co.uk:80/D/tzx/Draconus.tzx,.tzx,5a585461,20041024193036,2004-10-24T20:30:36Z
http://www.zxsoftware.co.uk:80/D/tzx/Dallas.tzx,.tzx,5a585461,20041024193043,2004-10-24T20:30:43Z
http://www.zxsoftware.co.uk:80/E/tzx/Eliminator.tzx,.tzx,5a585461,20041024193047,2004-10-24T20:30:47Z
http://www.zxsoftware.co.uk:80/E/tzx/EXPLORER.TZX,.tzx,5a585461,20041024193055,2004-10-24T20:30:55Z
http://www.zxsoftware.co.uk:80/G/tzx/G1FTU1%20CW.tzx,.tzx,5a585461,20041024193104,2004-10-24T20:31:04Z
http://www.zxsoftware.co.uk:80/E/tzx/Exolon.tzx,.tzx,5a585461,20041024193122,2004-10-24T20:31:22Z
http://www.zxsoftware.co.uk:80/D/tzx/Deathscape.tzx,.tzx,5a585461,20041024193129,2004-10-24T20:31:29Z
http://www.zxsoftware.co.uk:80/G/tzx/GOTHIK.TZX,.tzx,5a585461,20041024193133,2004-10-24T20:31:33Z
http://www.zxsoftware.co.uk:80/C/tzx/CYBEX.TZX,.tzx,5a585461,20041024193151,2004-10-24T20:31:51Z
http://www.zxsoftware.co.uk:80/D/tzx/Deviants.tzx,.tzx,5a585461,20041024193245,2004-10-24T20:32:45Z
http://www.zxsoftware.co.uk:80/D/tzx/Defenda.tzx,.tzx,5a585461,20041024193248,2004-10-24T20:32:48Z
http://www.zxsoftware.co.uk:80/D/tzx/Down%20Town.tzx,.tzx,5a585461,20041024193258,2004-10-24T20:32:58Z
http://www.zxsoftware.co.uk:80/D/tzx/Dandy.tzx,.tzx,5a585461,20041024193317,2004-10-24T20:33:17Z
http://www.zxsoftware.co.uk:80/F/tzx/fax.tzx,.tzx,5a585461,20041024193324,2004-10-24T20:33:24Z
http://www.zxsoftware.co.uk:80/D/tzx/Database.tzx,.tzx,5a585461,20041024193332,2004-10-24T20:33:32Z
http://www.zxsoftware.co.uk:80/F/tzx/Fred.tzx,.tzx,5a585461,20041024193336,2004-10-24T20:33:36Z
http://www.zxsoftware.co.uk:80/C/tzx/Colony.tzx,.tzx,5a585461,20041024193340,2004-10-24T20:33:40Z
http://www.zxsoftware.co.uk:80/D/tzx/Desolator.tzx,.tzx,5a585461,20041024193345,2004-10-24T20:33:45Z
http://www.zxsoftware.co.uk:80/D/tzx/Dawnssley.tzx,.tzx,5a585461,20041024193352,2004-10-24T20:33:52Z
http://www.zxsoftware.co.uk:80/D/tzx/Destructo.tzx,.tzx,5a585461,20041024193413,2004-10-24T20:34:13Z
http://www.zxsoftware.co.uk:80/E/tzx/Encounter.tzx,.tzx,5a585461,20041024193433,2004-10-24T20:34:33Z
http://www.zxsoftware.co.uk:80/G/tzx/G-Force.tzx,.tzx,5a585461,20041024193448,2004-10-24T20:34:48Z
http://www.zxsoftware.co.uk:80/D/tzx/Defcom.tzx,.tzx,5a585461,20041024193456,2004-10-24T20:34:56Z
http://www.zxsoftware.co.uk:80/F/tzx/Firelord.tzx,.tzx,5a585461,20041024193501,2004-10-24T20:35:01Z
http://www.zxsoftware.co.uk:80/D/tzx/Dictator.tzx,.tzx,5a585461,20041024193514,2004-10-24T20:35:14Z
http://www.zxsoftware.co.uk:80/G/tzx/Grasp.tzx,.tzx,5a585461,20041024223319,2004-10-24T23:33:19Z
http://www.zxsoftware.co.uk:80/G/tzx/Games%203.tzx,.tzx,5a585461,20041024223605,2004-10-24T23:36:05Z
http://www.zxsoftware.co.uk:80/G/tzx/Geometry.tzx,.tzx,5a585461,20041024223627,2004-10-24T23:36:27Z
http://www.zxsoftware.co.uk:80/G/tzx/Star%20Trail.tzx,.tzx,5a585461,20041024223711,2004-10-24T23:37:11Z
http://www.zxsoftware.co.uk:80/G/tzx/Gridrunner.tzx,.tzx,5a585461,20041024223725,2004-10-24T23:37:25Z
http://www.zxsoftware.co.uk:80/G/tzx/Galaxians.tzx,.tzx,5a585461,20041024223822,2004-10-24T23:38:22Z
http://www.zxsoftware.co.uk:80/G/tzx/Gangplank.tzx,.tzx,5a585461,20041024223835,2004-10-24T23:38:35Z
http://www.zxsoftware.co.uk:80/G/tzx/Gobbleman.tzx,.tzx,5a585461,20041024223851,2004-10-24T23:38:51Z
http://www.zxsoftware.co.uk:80/G/tzx/Goldilocks.tzx,.tzx,5a585461,20041024224028,2004-10-24T23:40:28Z
http://www.zxsoftware.co.uk:80/G/tzx/Gunrunner.tzx,.tzx,5a585461,20041024225008,2004-10-24T23:50:08Z
http://www.zxsoftware.co.uk:80/H/tzx/Hawks.tzx,.tzx,5a585461,20041024225012,2004-10-24T23:50:12Z
http://www.zxsoftware.co.uk:80/H/tzx/Halaga.tzx,.tzx,5a585461,20041024225020,2004-10-24T23:50:20Z
http://www.zxsoftware.co.uk:80/J/tzx/Jackal.tzx,.tzx,5a585461,20041024225024,2004-10-24T23:50:24Z
http://www.zxsoftware.co.uk:80/G/tzx/Gunstar.tzx,.tzx,5a585461,20041024225028,2004-10-24T23:50:28Z
http://www.zxsoftware.co.uk:80/H/tzx/Hampstead.tzx,.tzx,5a585461,20041024225032,2004-10-24T23:50:32Z
http://www.zxsoftware.co.uk:80/H/tzx/Highlander.tzx,.tzx,5a585461,20041024225040,2004-10-24T23:50:40Z
http://www.zxsoftware.co.uk:80/H/tzx/Hobgoblin.tzx,.tzx,5a585461,20041024225051,2004-10-24T23:50:51Z
http://www.zxsoftware.co.uk:80/H/tzx/Heartland.tzx,.tzx,5a585461,20041024225055,2004-10-24T23:50:55Z
http://www.zxsoftware.co.uk:80/J/tzx/Jackpot.tzx,.tzx,5a585461,20041024225102,2004-10-24T23:51:02Z
http://www.zxsoftware.co.uk:80/J/tzx/Jigsaw.tzx,.tzx,5a585461,20041024225110,2004-10-24T23:51:10Z
http://www.zxsoftware.co.uk:80/H/tzx/Hubert.tzx,.tzx,5a585461,20041024225114,2004-10-24T23:51:14Z
http://www.zxsoftware.co.uk:80/E/tzx/Equinox.tzx,.tzx,5a585461,20041024225118,2004-10-24T23:51:18Z
"http://www.zxsoftware.co.uk:80/I/tzx/I,%20Ball.tzx",.tzx,5a585461,20041024225122,2004-10-24T23:51:22Z
http://www.zxsoftware.co.uk:80/J/tzx/Juggernaut.tzx,.tzx,5a585461,20041024225126,2004-10-24T23:51:26Z
http://www.zxsoftware.co.uk:80/H/tzx/Headstart.tzx,.tzx,5a585461,20041024225142,2004-10-24T23:51:42Z
http://www.zxsoftware.co.uk:80/K/tzx/Kat%20Trap.tzx,.tzx,5a585461,20041024225147,2004-10-24T23:51:47Z
http://www.zxsoftware.co.uk:80/G/tzx/Gnasher.tzx,.tzx,5a585461,20041024225156,2004-10-24T23:51:56Z
http://www.zxsoftware.co.uk:80/H/tzx/Hyperbowl.tzx,.tzx,5a585461,20041024225200,2004-10-24T23:52:00Z
http://www.zxsoftware.co.uk:80/I/tzx/Invasion.tzx,.tzx,5a585461,20041024225204,2004-10-24T23:52:04Z
http://www.zxsoftware.co.uk:80/H/tzx/Hero.tzx,.tzx,5a585461,20041024225212,2004-10-24T23:52:12Z
http://www.zxsoftware.co.uk:80/G/tzx/Gutz.tzx,.tzx,5a585461,20041024225225,2004-10-24T23:52:25Z
http://www.zxsoftware.co.uk:80/H/tzx/Hammerfist.tzx,.tzx,5a585461,20041024225228,2004-10-24T23:52:28Z
http://www.zxsoftware.co.uk:80/H/tzx/HURG.tzx,.tzx,5a585461,20041024225232,2004-10-24T23:52:32Z
http://www.zxsoftware.co.uk:80/H/tzx/HATE.tzx,.tzx,5a585461,20041024225245,2004-10-24T23:52:45Z
http://www.zxsoftware.co.uk:80/G/tzx/Galaxian.tzx,.tzx,5a585461,20041024225249,2004-10-24T23:52:49Z
http://www.zxsoftware.co.uk:80/E/tzx/Escape.tzx,.tzx,5a585461,20041024225257,2004-10-24T23:52:57Z
http://www.zxsoftware.co.uk:80/G/tzx/Gotcha.tzx,.tzx,5a585461,20041024225301,2004-10-24T23:53:01Z
http://www.zxsoftware.co.uk:80/I/tzx/ICUPS.tzx,.tzx,5a585461,20041024225305,2004-10-24T23:53:05Z
http://www.zxsoftware.co.uk:80/G/tzx/Gyroscope.tzx,.tzx,5a585461,20041024225309,2004-10-24T23:53:09Z
http://www.zxsoftware.co.uk:80/H/tzx/Hunchback.tzx,.tzx,5a585461,20041024225313,2004-10-24T23:53:13Z
http://www.zxsoftware.co.uk:80/F/tzx/FEUD.TZX,.tzx,5a585461,20041024225322,2004-10-24T23:53:22Z
http://www.zxsoftware.co.uk:80/I/tzx/ID.TZX,.tzx,5a585461,20041024225325,2004-10-24T23:53:25Z
http://www.zxsoftware.co.uk:80/G/tzx/GOBBLER.TZX,.tzx,5a585461,20041024225328,2004-10-24T23:53:28Z
http://www.zxsoftware.co.uk:80/I/tzx/Intensity.tzx,.tzx,5a585461,20041024225333,2004-10-24T23:53:33Z
http://www.zxsoftware.co.uk:80/I/tzx/Interalia.tzx,.tzx,5a585461,20041024225337,2004-10-24T23:53:37Z
http://www.zxsoftware.co.uk:80/G/tzx/Gunslinger.tzx,.tzx,5a585461,20041024225342,2004-10-24T23:53:42Z
http://www.zxsoftware.co.uk:80/H/tzx/Hot%20Shot.tzx,.tzx,5a585461,20041024225345,2004-10-24T23:53:45Z
http://www.zxsoftware.co.uk:80/H/tzx/Head%20Coach.tzx,.tzx,5a585461,20041024225349,2004-10-24T23:53:49Z
http://www.zxsoftware.co.uk:80/M/tzx/Mayhem.tzx,.tzx,5a585461,20041025020157,2004-10-25T03:01:57Z
http://www.zxsoftware.co.uk:80/M/tzx/Mantronix.tzx,.tzx,5a585461,20041025020200,2004-10-25T03:02:00Z
http://www.zxsoftware.co.uk:80/M/tzx/Maziacs.tzx,.tzx,5a585461,20041025020211,2004-10-25T03:02:11Z
http://www.zxsoftware.co.uk:80/K/tzx/Kentilla.tzx,.tzx,5a585461,20041025020243,2004-10-25T03:02:43Z
http://www.zxsoftware.co.uk:80/M/tzx/Magnetron.tzx,.tzx,5a585461,20041025020343,2004-10-25T03:03:43Z
http://www.zxsoftware.co.uk:80/L/tzx/Laserwarp.tzx,.tzx,5a585461,20041025020355,2004-10-25T03:03:55Z
http://www.zxsoftware.co.uk:80/K/tzx/Krakout.tzx,.tzx,5a585461,20041025020401,2004-10-25T03:04:01Z
http://www.zxsoftware.co.uk:80/K/tzx/Keycode.tzx,.tzx,5a585461,20041025020405,2004-10-25T03:04:05Z
http://www.zxsoftware.co.uk:80/K/tzx/Komplex.tzx,.tzx,5a585461,20041025020409,2004-10-25T03:04:09Z
http://www.zxsoftware.co.uk:80/M/tzx/Mask.tzx,.tzx,5a585461,20041025020413,2004-10-25T03:04:13Z
http://www.zxsoftware.co.uk:80/L/tzx/Lifeline.tzx,.tzx,5a585461,20041025020433,2004-10-25T03:04:33Z
http://www.zxsoftware.co.uk:80/M/tzx/Marauder.tzx,.tzx,5a585461,20041025020437,2004-10-25T03:04:37Z
http://www.zxsoftware.co.uk:80/L/tzx/Lifeguard.tzx,.tzx,5a585461,20041025020450,2004-10-25T03:04:50Z
http://www.zxsoftware.co.uk:80/L/tzx/Level%205.tzx,.tzx,5a585461,20041025020454,2004-10-25T03:04:54Z
http://www.zxsoftware.co.uk:80/K/tzx/Kung%20Fu.tzx,.tzx,5a585461,20041025020505,2004-10-25T03:05:05Z
http://www.zxsoftware.co.uk:80/L/tzx/Lost.tzx,.tzx,5a585461,20041025020511,2004-10-25T03:05:11Z
http://www.zxsoftware.co.uk:80/L/tzx/LOCO.TZX,.tzx,5a585461,20041025020518,2004-10-25T03:05:18Z
http://www.zxsoftware.co.uk:80/K/tzx/Kwah!.tzx,.tzx,5a585461,20041025020526,2004-10-25T03:05:26Z
http://www.zxsoftware.co.uk:80/M/tzx/Mag%20Max.tzx,.tzx,5a585461,20041025020546,2004-10-25T03:05:46Z
http://www.zxsoftware.co.uk:80/M/tzx/McKensie.tzx,.tzx,5a585461,20041025020554,2004-10-25T03:05:54Z
http://www.zxsoftware.co.uk:80/M/tzx/Mikie.tzx,.tzx,5a585461,20041025021801,2004-10-25T03:18:01Z
http://www.zxsoftware.co.uk:80/K/tzx/Kemshu.tzx,.tzx,5a585461,20041025021805,2004-10-25T03:18:05Z
http://www.zxsoftware.co.uk:80/M/tzx/Magnets.tzx,.tzx,5a585461,20041025021813,2004-10-25T03:18:13Z
http://www.zxsoftware.co.uk:80/M/tzx/Mimic%20v3.1.tzx,.tzx,5a585461,20041025021905,2004-10-25T03:19:05Z
http://www.zxsoftware.co.uk:80/M/tzx/Menace.tzx,.tzx,5a585461,20041025021913,2004-10-25T03:19:13Z
http://www.zxsoftware.co.uk:80/M/tzx/Millimon.tzx,.tzx,5a585461,20041025021933,2004-10-25T03:19:33Z
http://www.zxsoftware.co.uk:80/M/tzx/Metaplex.tzx,.tzx,5a585461,20041025021941,2004-10-25T03:19:41Z
http://www.zxsoftware.co.uk:80/M/tzx/Mr%20Wimpy.tzx,.tzx,5a585461,20041025022133,2004-10-25T03:21:33Z
http://www.zxsoftware.co.uk:80/M/tzx/Mr%20Wino.tzx,.tzx,5a585461,20041025022138,2004-10-25T03:21:38Z
http://www.zxsoftware.co.uk:80/M/tzx/Mugsy.tzx,.tzx,5a585461,20041025022157,2004-10-25T03:21:57Z
http://www.zxsoftware.co.uk:80/L/tzx/Leonardo.tzx,.tzx,5a585461,20041025022220,2004-10-25T03:22:20Z
http://www.zxsoftware.co.uk:80/M/tzx/Moonwalker.tzx,.tzx,5a585461,20041025022324,2004-10-25T03:23:24Z
http://www.zxsoftware.co.uk:80/M/tzx/Mindtrap.tzx,.tzx,5a585461,20041025022330,2004-10-25T03:23:30Z
http://www.zxsoftware.co.uk:80/M/tzx/Movie.tzx,.tzx,5a585461,20041025022431,2004-10-25T03:24:31Z
http://www.zxsoftware.co.uk:80/M/tzx/Metrocross.tzx,.tzx,5a585461,20041025022811,2004-10-25T03:28:11Z
http://www.zxsoftware.co.uk:80/M/tzx/Motos.tzx,.tzx,5a585461,20041025022841,2004-10-25T03:28:41Z
http://www.zxsoftware.co.uk:80/M/tzx/Mrs%20Mopp.tzx,.tzx,5a585461,20041025022847,2004-10-25T03:28:47Z
http://www.zxsoftware.co.uk:80/M/tzx/Mindstone.tzx,.tzx,5a585461,20041025022923,2004-10-25T03:29:23Z
http://www.zxsoftware.co.uk:80/M/tzx/Mazeman.tzx,.tzx,5a585461,20041025022930,2004-10-25T03:29:30Z
http://www.zxsoftware.co.uk:80/K/tzx/Kirel.tzx,.tzx,5a585461,20041025022934,2004-10-25T03:29:34Z
http://www.zxsoftware.co.uk:80/M/tzx/Moontorc.tzx,.tzx,5a585461,20041025023012,2004-10-25T03:30:12Z
http://www.zxsoftware.co.uk:80/K/tzx/Kane.tzx,.tzx,5a585461,20041025023019,2004-10-25T03:30:19Z
http://www.zxsoftware.co.uk:80/P/tzx/Paws.tzx,.tzx,5a585461,20041025043851,2004-10-25T05:38:51Z
http://www.zxsoftware.co.uk:80/N/tzx/Nonamed.tzx,.tzx,5a585461,20041025043927,2004-10-25T05:39:27Z
http://www.zxsoftware.co.uk:80/O/tzx/Oligopoly.tzx,.tzx,5a585461,20041025043958,2004-10-25T05:39:58Z
http://www.zxsoftware.co.uk:80/P/tzx/Piromania.tzx,.tzx,5a585461,20041025044002,2004-10-25T05:40:02Z
http://www.zxsoftware.co.uk:80/N/tzx/NOMAD.tzx,.tzx,5a585461,20041025044014,2004-10-25T05:40:14Z
http://www.zxsoftware.co.uk:80/P/tzx/Plummet.tzx,.tzx,5a585461,20041025044050,2004-10-25T05:40:50Z
http://www.zxsoftware.co.uk:80/P/tzx/Path%20Find.tzx,.tzx,5a585461,20041025044100,2004-10-25T05:41:00Z
http://www.zxsoftware.co.uk:80/P/tzx/Pud%20Pud.tzx,.tzx,5a585461,20041025044112,2004-10-25T05:41:12Z
http://www.zxsoftware.co.uk:80/P/tzx/Planetoids.tzx,.tzx,5a585461,20041025044119,2004-10-25T05:41:19Z
http://www.zxsoftware.co.uk:80/P/tzx/Push%20Off.tzx,.tzx,5a585461,20041025044122,2004-10-25T05:41:22Z
http://www.zxsoftware.co.uk:80/O/tzx/Overlord.tzx,.tzx,5a585461,20041025044229,2004-10-25T05:42:29Z
http://www.zxsoftware.co.uk:80/O/tzx/Oops!.tzx,.tzx,5a585461,20041025044239,2004-10-25T05:42:39Z
http://www.zxsoftware.co.uk:80/P/tzx/Pro%20Golf.tzx,.tzx,5a585461,20041025044243,2004-10-25T05:42:43Z
http://www.zxsoftware.co.uk:80/P/tzx/Protector.tzx,.tzx,5a585461,20041025044255,2004-10-25T05:42:55Z
http://www.zxsoftware.co.uk:80/O/tzx/Orion.tzx,.tzx,5a585461,20041025044259,2004-10-25T05:42:59Z
http://www.zxsoftware.co.uk:80/P/tzx/Psytron.tzx,.tzx,5a585461,20041025044307,2004-10-25T05:43:07Z
http://www.zxsoftware.co.uk:80/P/tzx/President.tzx,.tzx,5a585461,20041025044311,2004-10-25T05:43:11Z
http://www.zxsoftware.co.uk:80/P/tzx/Privateer.tzx,.tzx,5a585461,20041025044322,2004-10-25T05:43:22Z
http://www.zxsoftware.co.uk:80/P/tzx/PARABOLA.TZX,.tzx,5a585461,20041025044326,2004-10-25T05:43:26Z
http://www.zxsoftware.co.uk:80/N/tzx/Nightflite.tzx,.tzx,5a585461,20041025044410,2004-10-25T05:44:10Z
http://www.zxsoftware.co.uk:80/O/tzx/Olympicon.tzx,.tzx,5a585461,20041025044413,2004-10-25T05:44:13Z
http://www.zxsoftware.co.uk:80/O/tzx/Outlaw.tzx,.tzx,5a585461,20041025044418,2004-10-25T05:44:18Z
http://www.zxsoftware.co.uk:80/P/tzx/PRODIGY.TZX,.tzx,5a585461,20041025044422,2004-10-25T05:44:22Z
http://www.zxsoftware.co.uk:80/P/tzx/Pimania.tzx,.tzx,5a585461,20041025044425,2004-10-25T05:44:25Z
http://www.zxsoftware.co.uk:80/P/tzx/PAKACUDA.TZX,.tzx,5a585461,20041025044434,2004-10-25T05:44:34Z
http://www.zxsoftware.co.uk:80/P/tzx/Plunder.tzx,.tzx,5a585461,20041025044438,2004-10-25T05:44:38Z
http://www.zxsoftware.co.uk:80/P/tzx/Pac-Mania.tzx,.tzx,5a585461,20041025044442,2004-10-25T05:44:42Z
http://www.zxsoftware.co.uk:80/P/tzx/Pippo.tzx,.tzx,5a585461,20041025044450,2004-10-25T05:44:50Z
http://www.zxsoftware.co.uk:80/P/tzx/Pac-Land.tzx,.tzx,5a585461,20041025044540,2004-10-25T05:45:40Z
http://www.zxsoftware.co.uk:80/O/tzx/On%20Cue.TZX,.tzx,5a585461,20041025044542,2004-10-25T05:45:42Z
http://www.zxsoftware.co.uk:80/N/tzx/Nightmare.tzx,.tzx,5a585461,20041025044550,2004-10-25T05:45:50Z
http://www.zxsoftware.co.uk:80/O/tzx/Octan.tzx,.tzx,5a585461,20041025044554,2004-10-25T05:45:54Z
http://www.zxsoftware.co.uk:80/P/tzx/PIONEER.TZX,.tzx,5a585461,20041025044602,2004-10-25T05:46:02Z
http://www.zxsoftware.co.uk:80/P/tzx/PLOTTING.TZX,.tzx,5a585461,20041025044606,2004-10-25T05:46:06Z
http://www.zxsoftware.co.uk:80/P/tzx/Pedro.tzx,.tzx,5a585461,20041025044610,2004-10-25T05:46:10Z
http://www.zxsoftware.co.uk:80/P/tzx/Pang.tzx,.tzx,5a585461,20041025044615,2004-10-25T05:46:15Z
http://www.zxsoftware.co.uk:80/O/tzx/Orbiter.tzx,.tzx,5a585461,20041025044621,2004-10-25T05:46:21Z
http://www.zxsoftware.co.uk:80/P/tzx/Paras.tzx,.tzx,5a585461,20041025044626,2004-10-25T05:46:26Z
http://www.zxsoftware.co.uk:80/O/tzx/Othello.tzx,.tzx,5a585461,20041025044630,2004-10-25T05:46:30Z
http://www.zxsoftware.co.uk:80/O/tzx/Ostron.tzx,.tzx,5a585461,20041025044634,2004-10-25T05:46:34Z
http://www.zxsoftware.co.uk:80/Q/tzx/qra.tzx,.tzx,5a585461,20041025072952,2004-10-25T08:29:52Z
http://www.zxsoftware.co.uk:80/Q/tzx/The%20Quill.tzx,.tzx,5a585461,20041025073104,2004-10-25T08:31:04Z
http://www.zxsoftware.co.uk:80/Q/tzx/Quack-Shot.tzx,.tzx,5a585461,20041025073157,2004-10-25T08:31:57Z
http://www.zxsoftware.co.uk:80/P/tzx/The%20Plot.tzx,.tzx,5a585461,20041025073325,2004-10-25T08:33:25Z
http://www.zxsoftware.co.uk:80/Q/tzx/Quincy.tzx,.tzx,5a585461,20041025073624,2004-10-25T08:36:24Z
http://www.zxsoftware.co.uk:80/T/tzx/Tascopy.tzx,.tzx,5a585461,20041025074321,2004-10-25T08:43:21Z
http://www.zxsoftware.co.uk:80/T/tzx/Therbo.tzx,.tzx,5a585461,20041025074342,2004-10-25T08:43:42Z
http://www.zxsoftware.co.uk:80/R/tzx/ROCCO.TZX,.tzx,5a585461,20041025074401,2004-10-25T08:44:01Z
http://www.zxsoftware.co.uk:80/R/tzx/robon.tzx,.tzx,5a585461,20041025074404,2004-10-25T08:44:04Z
http://www.zxsoftware.co.uk:80/T/tzx/Tarzan.tzx,.tzx,5a585461,20041025074421,2004-10-25T08:44:21Z
http://www.zxsoftware.co.uk:80/R/tzx/Raffles.tzx,.tzx,5a585461,20041025074427,2004-10-25T08:44:27Z
http://www.zxsoftware.co.uk:80/T/tzx/TRANTOR.TZX,.tzx,5a585461,20041025074431,2004-10-25T08:44:31Z
http://www.zxsoftware.co.uk:80/R/tzx/Ramparts.tzx,.tzx,5a585461,20041025074437,2004-10-25T08:44:37Z
http://www.zxsoftware.co.uk:80/R/tzx/Reversi.tzx,.tzx,5a585461,20041025074440,2004-10-25T08:44:40Z
http://www.zxsoftware.co.uk:80/R/tzx/Red%20Moon.tzx,.tzx,5a585461,20041025074445,2004-10-25T08:44:45Z
http://www.zxsoftware.co.uk:80/T/tzx/Thing.tzx,.tzx,5a585461,20041025074449,2004-10-25T08:44:49Z
http://www.zxsoftware.co.uk:80/R/tzx/Red%20Hawk.tzx,.tzx,5a585461,20041025074455,2004-10-25T08:44:55Z
http://www.zxsoftware.co.uk:80/T/tzx/TOMCAT.TZX,.tzx,5a585461,20041025074459,2004-10-25T08:44:59Z
http://www.zxsoftware.co.uk:80/R/tzx/Rattler.tzx,.tzx,5a585461,20041025074503,2004-10-25T08:45:03Z
http://www.zxsoftware.co.uk:80/R/tzx/Room%20Ten.tzx,.tzx,5a585461,20041025074507,2004-10-25T08:45:07Z
http://www.zxsoftware.co.uk:80/R/tzx/ROCKFORD.TZX,.tzx,5a585461,20041025074511,2004-10-25T08:45:11Z
http://www.zxsoftware.co.uk:80/R/tzx/RICOCHET.TZX,.tzx,5a585461,20041025074519,2004-10-25T08:45:19Z
http://www.zxsoftware.co.uk:80/R/tzx/Rubicon.tzx,.tzx,5a585461,20041025074525,2004-10-25T08:45:25Z
http://www.zxsoftware.co.uk:80/T/tzx/Triaxos.tzx,.tzx,5a585461,20041025074532,2004-10-25T08:45:32Z
http://www.zxsoftware.co.uk:80/R/tzx/Roboto.tzx,.tzx,5a585461,20041025074541,2004-10-25T08:45:41Z
http://www.zxsoftware.co.uk:80/R/tzx/Redcoats.tzx,.tzx,5a585461,20041025074545,2004-10-25T08:45:45Z
http://www.zxsoftware.co.uk:80/R/tzx/Rebel.tzx,.tzx,5a585461,20041025074549,2004-10-25T08:45:49Z
http://www.zxsoftware.co.uk:80/R/tzx/Roulette.tzx,.tzx,5a585461,20041025074552,2004-10-25T08:45:52Z
http://www.zxsoftware.co.uk:80/V/tzx/V.tzx,.tzx,5a585461,20041025074605,2004-10-25T08:46:05Z
http://www.zxsoftware.co.uk:80/T/tzx/THRUST.TZX,.tzx,5a585461,20041025074609,2004-10-25T08:46:09Z
http://www.zxsoftware.co.uk:80/T/tzx/TOBRUK.TZX,.tzx,5a585461,20041025074617,2004-10-25T08:46:17Z
http://www.zxsoftware.co.uk:80/T/tzx/Thrusta.tzx,.tzx,5a585461,20041025074624,2004-10-25T08:46:24Z
http://www.zxsoftware.co.uk:80/T/tzx/Talos.tzx,.tzx,5a585461,20041025074633,2004-10-25T08:46:33Z
http://www.zxsoftware.co.uk:80/R/tzx/Revolver.tzx,.tzx,5a585461,20041025074637,2004-10-25T08:46:37Z
http://www.zxsoftware.co.uk:80/R/tzx/Robotron.tzx,.tzx,5a585461,20041025074640,2004-10-25T08:46:40Z
http://www.zxsoftware.co.uk:80/R/tzx/Red%20LED.tzx,.tzx,5a585461,20041025074649,2004-10-25T08:46:49Z
http://www.zxsoftware.co.uk:80/R/tzx/RAPEDES.TZX,.tzx,5a585461,20041025074652,2004-10-25T08:46:52Z
http://www.zxsoftware.co.uk:80/T/tzx/Tapper.tzx,.tzx,5a585461,20041025074657,2004-10-25T08:46:57Z
http://www.zxsoftware.co.uk:80/R/tzx/Ranch.tzx,.tzx,5a585461,20041025074700,2004-10-25T08:47:00Z
http://www.zxsoftware.co.uk:80/R/tzx/Rambo.tzx,.tzx,5a585461,20041025074705,2004-10-25T08:47:05Z
http://www.zxsoftware.co.uk:80/Numbers/tzx/1984.tzx,.tzx,5a585461,20041025074709,2004-10-25T08:47:09Z
http://www.zxsoftware.co.uk:80/T/tzx/Think!.tzx,.tzx,5a585461,20041025074717,2004-10-25T08:47:17Z
http://www.zxsoftware.co.uk:80/R/tzx/Race%20Fun.tzx,.tzx,5a585461,20041025074720,2004-10-25T08:47:20Z
http://www.zxsoftware.co.uk:80/R/tzx/Revolution.tzx,.tzx,5a585461,20041025074728,2004-10-25T08:47:28Z
http://www.zxsoftware.co.uk:80/R/tzx/Rollaround.tzx,.tzx,5a585461,20041025074733,2004-10-25T08:47:33Z
http://www.zxsoftware.co.uk:80/R/tzx/Road%20Wars.tzx,.tzx,5a585461,20041025074741,2004-10-25T08:47:41Z
http://www.zxsoftware.co.uk:80/W/tzx/Wiz-Biz.tzx,.tzx,5a585461,20041025121912,2004-10-25T13:19:12Z
http://www.zxsoftware.co.uk:80/Y/tzx/Gettysburg.tzx,.tzx,5a585461,20041025121930,2004-10-25T13:19:30Z
http://www.zxsoftware.co.uk:80/X/tzx/XARAX.TZX,.tzx,5a585461,20041025121934,2004-10-25T13:19:34Z
http://www.zxsoftware.co.uk:80/W/tzx/Waterloo.tzx,.tzx,5a585461,20041025121948,2004-10-25T13:19:48Z
http://www.zxsoftware.co.uk:80/X/tzx/Xybots.tzx,.tzx,5a585461,20041025122021,2004-10-25T13:20:21Z
http://www.zxsoftware.co.uk:80/V/tzx/Valhalla.tzx,.tzx,5a585461,20041025122030,2004-10-25T13:20:30Z
http://www.zxsoftware.co.uk:80/W/tzx/Whodunnit.tzx,.tzx,5a585461,20041025122037,2004-10-25T13:20:37Z
http://www.zxsoftware.co.uk:80/V/tzx/Vu-3D.tzx,.tzx,5a585461,20041025122041,2004-10-25T13:20:41Z
http://www.zxsoftware.co.uk:80/W/tzx/Wolfan.tzx,.tzx,5a585461,20041025122126,2004-10-25T13:21:26Z
http://www.zxsoftware.co.uk:80/W/tzx/Wriggler.tzx,.tzx,5a585461,20041025122131,2004-10-25T13:21:31Z
http://www.zxsoftware.co.uk:80/W/tzx/Waxworks.tzx,.tzx,5a585461,20041025122135,2004-10-25T13:21:35Z
http://www.zxsoftware.co.uk:80/X/tzx/Xevious.tzx,.tzx,5a585461,20041025122139,2004-10-25T13:21:39Z
http://www.zxsoftware.co.uk:80/X/tzx/Xanthius.tzx,.tzx,5a585461,20041025122206,2004-10-25T13:22:06Z
http://www.zxsoftware.co.uk:80/X/tzx/Xanagrams.tzx,.tzx,5a585461,20041025122210,2004-10-25T13:22:10Z
http://www.zxsoftware.co.uk:80/V/tzx/Venom.tzx,.tzx,5a585461,20041025122218,2004-10-25T13:22:18Z
http://www.zxsoftware.co.uk:80/V/tzx/Volcano.tzx,.tzx,5a585461,20041025122236,2004-10-25T13:22:36Z
http://www.zxsoftware.co.uk:80/W/tzx/Wulfpack.tzx,.tzx,5a585461,20041025122245,2004-10-25T13:22:45Z
http://www.zxsoftware.co.uk:80/Y/tzx/Yatzee.tzx,.tzx,5a585461,20041025122252,2004-10-25T13:22:52Z
http://www.zxsoftware.co.uk:80/V/tzx/Vectron.tzx,.tzx,5a585461,20041025122259,2004-10-25T13:22:59Z
http://www.zxsoftware.co.uk:80/Z/tzx/Zig-Zag.tzx,.tzx,5a585461,20041025125921,2004-10-25T13:59:21Z
http://www.zxsoftware.co.uk:80/Z/tzx/ZYTHUM.TZX,.tzx,5a585461,20041025125941,2004-10-25T13:59:41Z
http://www.zxsoftware.co.uk:80/Z/tzx/Zenji.tzx,.tzx,5a585461,20041025130014,2004-10-25T14:00:14Z
http://www.zxsoftware.co.uk:80/T/tzx/The%20Code.tzx,.tzx,5a585461,20041025130018,2004-10-25T14:00:18Z
http://www.zxsoftware.co.uk:80/U/tzx/Unitrax.tzx,.tzx,5a585461,20041025130040,2004-10-25T14:00:40Z
http://www.zxsoftware.co.uk:80/Z/tzx/Zaxxan.tzx,.tzx,5a585461,20041025130044,2004-10-25T14:00:44Z
http://www.zxsoftware.co.uk:80/T/tzx/The%20Plot.tzx,.tzx,5a585461,20041025130048,2004-10-25T14:00:48Z
http://www.zxsoftware.co.uk:80/T/tzx/Terminus.tzx,.tzx,5a585461,20041025130052,2004-10-25T14:00:52Z
http://www.zxsoftware.co.uk:80/T/tzx/The%20Deep.tzx,.tzx,5a585461,20041025130056,2004-10-25T14:00:56Z
http://www.zxsoftware.co.uk:80/T/tzx/Titan.tzx,.tzx,5a585461,20041025130100,2004-10-25T14:01:00Z
http://www.zxsoftware.co.uk:80/T/tzx/The%20Tube.tzx,.tzx,5a585461,20041025130104,2004-10-25T14:01:04Z
http://www.zxsoftware.co.uk:80/T/tzx/The%20Helm.tzx,.tzx,5a585461,20041025130108,2004-10-25T14:01:08Z
http://www.zxsoftware.co.uk:80/T/tzx/Thrust%20II.tzx,.tzx,5a585461,20041025130112,2004-10-25T14:01:12Z
http://www.zxsoftware.co.uk:80/T/tzx/Turntaking.tzx,.tzx,5a585461,20041025130116,2004-10-25T14:01:16Z
http://www.zxsoftware.co.uk:80/T/tzx/Time%20Zone.tzx,.tzx,5a585461,20041025130123,2004-10-25T14:01:23Z
http://www.zxsoftware.co.uk:80/T/tzx/Telly%20Wise.tzx,.tzx,5a585461,20041025130132,2004-10-25T14:01:32Z
http://www.zxsoftware.co.uk:80/Z/tzx/Ziggurat.tzx,.tzx,5a585461,20041025130136,2004-10-25T14:01:36Z
http://www.zxsoftware.co.uk:80/T/tzx/Time%20Wreck.tzx,.tzx,5a585461,20041025130140,2004-10-25T14:01:40Z
http://www.zxsoftware.co.uk:80/T/tzx/Tantalus.tzx,.tzx,5a585461,20041025130152,2004-10-25T14:01:52Z
http://www.zxsoftware.co.uk:80/Z/tzx/Zaxxon.tzx,.tzx,5a585461,20041025130156,2004-10-25T14:01:56Z
http://www.zxsoftware.co.uk:80/T/tzx/Turmoil.tzx,.tzx,5a585461,20041025130200,2004-10-25T14:02:00Z
http://www.zxsoftware.co.uk:80/T/tzx/Thanatos.tzx,.tzx,5a585461,20041025130204,2004-10-25T14:02:04Z
http://www.zxsoftware.co.uk:80/Z/tzx/Zoids.tzx,.tzx,5a585461,20041025160905,2004-10-25T17:09:05Z
http://www.zxsoftware.co.uk:80/Z/tzx/Zzoom.tzx,.tzx,5a585461,20041025160909,2004-10-25T17:09:09Z
http://www.zxsoftware.co.uk:80/Z/tzx/Zub.tzx,.tzx,5a585461,20041025160924,2004-10-25T17:09:24Z
http://www.zxsoftware.co.uk:80/Z/tzx/Zynaps.tzx,.tzx,5a585461,20041025160927,2004-10-25T17:09:27Z
http://www.zxsoftware.co.uk:80/Z/tzx/Zzzz.tzx,.tzx,5a585461,20041025160931,2004-10-25T17:09:31Z
http://www.zxsoftware.co.uk:80/Z/tzx/zaraks.tzx,.tzx,5a585461,20041025160937,2004-10-25T17:09:37Z
http://www.zxsoftware.co.uk:80/Z/tzx/Zybex.tzx,.tzx,5a585461,20041025160951,2004-10-25T17:09:51Z
http://www.zxsoftware.co.uk:80/A/tzx/Apollo%202.tzx,.tzx,5a585461,20041025211708,2004-10-25T22:17:08Z
http://www.zxsoftware.co.uk:80/A/tzx/Arena.tzx,.tzx,5a585461,20041025211729,2004-10-25T22:17:29Z
http://www.zxsoftware.co.uk:80/A/tzx/Airline.tzx,.tzx,5a585461,20041025211741,2004-10-25T22:17:41Z
http://www.zxsoftware.co.uk:80/A/tzx/Aqua%20Plane.tzx,.tzx,5a585461,20041025211758,2004-10-25T22:17:58Z
http://www.zxsoftware.co.uk:80/A/tzx/Avalon.tzx,.tzx,5a585461,20041025211831,2004-10-25T22:18:31Z
http://www.zxsoftware.co.uk:80/A/tzx/Arkanoid.tzx,.tzx,5a585461,20041025211835,2004-10-25T22:18:35Z
http://www.zxsoftware.co.uk:80/B/tzx/Bobsleigh.tzx,.tzx,5a585461,20041028033541,2004-10-28T04:35:41Z
http://www.ysrnry.co.uk:80/ys3/issue6/tape/smash04.tap,.tap,13000000,20041102231916,2004-11-02T23:19:16Z
http://www.zxsoftware.co.uk:80/A/tzx/ACE%202088%20-%2048k.tzx,.tzx,5a585461,20041112133007,2004-11-12T13:30:07Z
http://www.zxsoftware.co.uk:80/A/tzx/AMX%20Art%20-%20Side%20B.tzx,.tzx,5a585461,20041112144359,2004-11-12T14:43:59Z
http://www.zxsoftware.co.uk:80/A/tzx/Academy%20-%20Side%201.tzx,.tzx,5a585461,20041112150209,2004-11-12T15:02:09Z
http://www.zxsoftware.co.uk:80/A/tzx/Academy%20-%20Side%202.tzx,.tzx,5a585461,20041112152147,2004-11-12T15:21:47Z
http://www.zxsoftware.co.uk:80/B/tzx/Bomb%20Fusion.tzx,.tzx,5a585461,20041113052732,2004-11-13T05:27:32Z
http://www.zxsoftware.co.uk:80/B/tzx/Bosconian%2087.tzx,.tzx,5a585461,20041113053135,2004-11-13T05:31:35Z
http://www.zxsoftware.co.uk:80/B/tzx/Bounces%20(Firebird).tzx,.tzx,5a585461,20041113054531,2004-11-13T05:45:31Z
http://www.zxsoftware.co.uk:80/B/tzx/City%20Bomber.tzx,.tzx,5a585461,20041113060326,2004-11-13T06:03:26Z
http://www.zxsoftware.co.uk:80/C/tzx/Catch%2023%20-%2048k.tzx,.tzx,5a585461,20041114013155,2004-11-14T01:31:55Z
http://www.zxsoftware.co.uk:80/C/tzx/Cauldron%20(Silverbird).tzx,.tzx,5a585461,20041114014352,2004-11-14T01:43:52Z
http://www.zxsoftware.co.uk:80/C/tzx/Crack%20Down%20-%20Side%201.tzx,.tzx,5a585461,20041114113122,2004-11-14T11:31:22Z
http://www.zxsoftware.co.uk:80/F/tzx/The%20Fury%20-%20128k.tzx,.tzx,5a585461,20041115155338,2004-11-15T15:53:38Z
http://www.zxsoftware.co.uk:80/F/tzx/The%20Fury%20-%2048k.tzx,.tzx,5a585461,20041115160534,2004-11-15T16:05:34Z
http://www.zxsoftware.co.uk:80/F/tzx/Fairshare%20-%20Side%20A.tzx,.tzx,5a585461,20041115161351,2004-11-15T16:13:51Z
http://www.zxsoftware.co.uk:80/F/tzx/Fonts%20(Alan%20Grier).tzx,.tzx,5a585461,20041115165807,2004-11-15T16:58:07Z
http://www.zxsoftware.co.uk:80/H/tzx/Hot%20Rod%20-%20Side%202.tzx,.tzx,5a585461,20041116191508,2004-11-16T19:15:08Z
http://www.zxsoftware.co.uk:80/H/tzx/Hot%20Shots%20-%20Side%20A.tzx,.tzx,5a585461,20041116193801,2004-11-16T19:38:01Z
http://www.zxsoftware.co.uk:80/I/tzx/IK+%20(The%20Hit%20Squad).tzx,.tzx,5a585461,20041116225046,2004-11-16T22:50:46Z
http://www.zxsoftware.co.uk:80/I/tzx/Invaders%20(Artic).tzx,.tzx,5a585461,20041116230819,2004-11-16T23:08:19Z
http://www.zxsoftware.co.uk:80/K/tzx/Karnov%20-%20Side%20A.tzx,.tzx,5a585461,20041117104931,2004-11-17T10:49:31Z
http://www.zxsoftware.co.uk:80/K/tzx/Karnov%20-%20Side%20B.tzx,.tzx,5a585461,20041117105748,2004-11-17T10:57:48Z
http://www.zxsoftware.co.uk:80/J/tzx/Jaws%20(Alternative).tzx,.tzx,5a585461,20041117113405,2004-11-17T11:34:05Z
http://www.zxsoftware.co.uk:80/L/tzx/Tritz%20-%2048k.tzx,.tzx,5a585461,20041118030709,2004-11-18T03:07:09Z
http://www.zxsoftware.co.uk:80/M/tzx/Mutants%20-%2048k.tzx,.tzx,5a585461,20041119031455,2004-11-19T03:14:55Z
http://www.zxsoftware.co.uk:80/M/tzx/The%20Munsters.tzx,.tzx,5a585461,20041119040820,2004-11-19T04:08:20Z
http://www.zxsoftware.co.uk:80/M/tzx/Meltdown%20(Kerian%20UK).tzx,.tzx,5a585461,20041119042516,2004-11-19T04:25:16Z
http://www.zxsoftware.co.uk:80/M/tzx/Mindbender%20-%20Part%201.tzx,.tzx,5a585461,20041119050132,2004-11-19T05:01:32Z
http://www.zxsoftware.co.uk:80/M/tzx/Mindbender%20-%20Part%202.tzx,.tzx,5a585461,20041119050549,2004-11-19T05:05:49Z
http://www.zxsoftware.co.uk:80/M/tzx/M%20Coder%202.tzx,.tzx,5a585461,20041119052112,2004-11-19T05:21:12Z
http://www.zxsoftware.co.uk:80/M/tzx/Moon%20Strike%20-%2048k.tzx,.tzx,5a585461,20041119052834,2004-11-19T05:28:34Z
http://www.ysrnry.co.uk:80/ys3/issue13/smash.tap,.tap,13000000,20041120203958,2004-11-20T20:39:58Z
http://www.woodcock88.freeserve.co.uk:80/zxf/ZXIF/blink2003.tzx,.tzx,5a585461,20041206212620,2004-12-06T21:26:20Z
http://users.ox.ac.uk:80/~wadh1342/speccy/phewpong.tzx,.tzx,5a585461,20050106055255,2005-01-06T05:52:55Z
http://www.ysrnry.co.uk:80/ys3/issue13/smash.tap,.tap,13000000,20050112150834,2005-01-12T15:08:34Z
http://www.ysrnry.co.uk:80/ys3/issue6/tape/smash04.tap,.tap,13000000,20050114183218,2005-01-14T18:32:18Z
http://www.zxsoftware.co.uk:80/E/tzx/Eiffel%20Tower.tzx,.tzx,5a585461,20050211121103,2005-02-11T12:11:03Z
http://www.zxsoftware.co.uk:80/E/tzx/Encounter.tzx,.tzx,5a585461,20050211121259,2005-02-11T12:12:59Z
http://www.zxsoftware.co.uk:80/E/tzx/El%20Dorado.tzx,.tzx,5a585461,20050211121440,2005-02-11T12:14:40Z
http://www.zxsoftware.co.uk:80/E/tzx/Elven%20Warrior.tzx,.tzx,5a585461,20050211121515,2005-02-11T12:15:15Z
http://www.zxsoftware.co.uk:80/E/tzx/Eights.tzx,.tzx,5a585461,20050211141115,2005-02-11T14:11:15Z
http://www.zxsoftware.co.uk:80/E/tzx/Equinox.tzx,.tzx,5a585461,20050214235835,2005-02-14T23:58:35Z
http://www.zxsoftware.co.uk:80/E/tzx/EXPLORER.TZX,.tzx,5a585461,20050215000014,2005-02-15T00:00:14Z
http://www.zxsoftware.co.uk:80/K/tzx/Kendo%20Warrior.tzx,.tzx,5a585461,20050215000122,2005-02-15T00:01:22Z
http://www.zxsoftware.co.uk:80/K/tzx/Kane.tzx,.tzx,5a585461,20050215000228,2005-02-15T00:02:28Z
http://www.zxsoftware.co.uk:80/E/tzx/European%20II.tzx,.tzx,5a585461,20050215000510,2005-02-15T00:05:10Z
http://www.zxsoftware.co.uk:80/E/tzx/Escape%20MCP.tzx,.tzx,5a585461,20050215000524,2005-02-15T00:05:24Z
http://www.zxsoftware.co.uk:80/E/tzx/Everest%20Ascent.tzx,.tzx,5a585461,20050215000529,2005-02-15T00:05:29Z
http://www.zxsoftware.co.uk:80/E/tzx/Euro%20Boss.tzx,.tzx,5a585461,20050215000534,2005-02-15T00:05:34Z
http://www.zxsoftware.co.uk:80/E/tzx/Exolon.tzx,.tzx,5a585461,20050215000718,2005-02-15T00:07:18Z
http://www.zxsoftware.co.uk:80/K/tzx/Kemshu.tzx,.tzx,5a585461,20050215001236,2005-02-15T00:12:36Z
http://www.zxsoftware.co.uk:80/K/tzx/Keycode.tzx,.tzx,5a585461,20050215001504,2005-02-15T00:15:04Z
http://www.zxsoftware.co.uk:80/K/tzx/Kwah!.tzx,.tzx,5a585461,20050225224356,2005-02-25T22:43:56Z
http://www.zxsoftware.co.uk:80/K/tzx/Kirel.tzx,.tzx,5a585461,20050225225821,2005-02-25T22:58:21Z
http://www.zxsoftware.co.uk:80/S/tzx/Stockmarket.tzx,.tzx,5a585461,20050225230353,2005-02-25T23:03:53Z
http://www.zxsoftware.co.uk:80/K/tzx/Kung%20Fu.tzx,.tzx,5a585461,20050225230820,2005-02-25T23:08:20Z
http://www.zxsoftware.co.uk:80/D/tzx/Dr%20Maddo.tzx,.tzx,5a585461,20050225231054,2005-02-25T23:10:54Z
http://www.zxsoftware.co.uk:80/Numbers/tzx/1984.tzx,.tzx,5a585461,20050225231315,2005-02-25T23:13:15Z
http://www.zxsoftware.co.uk:80/Numbers/tzx/3D%20Tanx.tzx,.tzx,5a585461,20050225231333,2005-02-25T23:13:33Z
http://www.zxsoftware.co.uk:80/Numbers/tzx/180%20(MAD).tzx,.tzx,5a585461,20050225231342,2005-02-25T23:13:42Z
http://www.zxsoftware.co.uk:80/Numbers/tzx/720%20(Kixx).tzx,.tzx,5a585461,20050225231348,2005-02-25T23:13:48Z
http://www.zxsoftware.co.uk:80/V/tzx/Mask%20III.tzx,.tzx,5a585461,20050228222752,2005-02-28T22:27:52Z
http://www.zxsoftware.co.uk:80/S/tzx/Sky%20Runner.tzx,.tzx,5a585461,20050301012200,2005-03-01T01:22:00Z
http://www.zxsoftware.co.uk:80/S/tzx/Slippery%20Sid.tzx,.tzx,5a585461,20050301020753,2005-03-01T02:07:53Z
http://www.zxsoftware.co.uk:80/S/tzx/Smuggler's%20Cove.tzx,.tzx,5a585461,20050301020942,2005-03-01T02:09:42Z
http://www.zxsoftware.co.uk:80/S/tzx/Soccer%20Rivals.tzx,.tzx,5a585461,20050301021307,2005-03-01T02:13:07Z
http://www.zxsoftware.co.uk:80/S/tzx/Soccer%20Star.tzx,.tzx,5a585461,20050301021431,2005-03-01T02:14:31Z
http://www.zxsoftware.co.uk:80/S/tzx/Software%20Star.tzx,.tzx,5a585461,20050301021623,2005-03-01T02:16:23Z
http://www.zxsoftware.co.uk:80/S/tzx/Southern%20Belle.tzx,.tzx,5a585461,20050301021740,2005-03-01T02:17:40Z
http://www.zxsoftware.co.uk:80/S/tzx/Space%20Raiders.tzx,.tzx,5a585461,20050301022257,2005-03-01T02:22:57Z
http://www.zxsoftware.co.uk:80/S/tzx/Spec%20Forth.tzx,.tzx,5a585461,20050301022409,2005-03-01T02:24:09Z
http://www.zxsoftware.co.uk:80/S/tzx/Spectral%20Panic.tzx,.tzx,5a585461,20050301022559,2005-03-01T02:25:59Z
http://www.zxsoftware.co.uk:80/S/tzx/Spectrographics.tzx,.tzx,5a585461,20050301022716,2005-03-01T02:27:16Z
http://www.zxsoftware.co.uk:80/S/tzx/Spectrum%20Golf.tzx,.tzx,5a585461,20050301022911,2005-03-01T02:29:11Z
http://www.zxsoftware.co.uk:80/S/tzx/Speed%20King%202.tzx,.tzx,5a585461,20050301023029,2005-03-01T02:30:29Z
http://www.zxsoftware.co.uk:80/S/tzx/Spy%20vs%20Spy.tzx,.tzx,5a585461,20050301023303,2005-03-01T02:33:03Z
http://www.zxsoftware.co.uk:80/S/tzx/Star%20Paws.tzx,.tzx,5a585461,20050301023607,2005-03-01T02:36:07Z
http://www.zxsoftware.co.uk:80/S/tzx/Star%20Searcher.tzx,.tzx,5a585461,20050301023807,2005-03-01T02:38:07Z
http://www.zxsoftware.co.uk:80/S/tzx/Star%20Trader.tzx,.tzx,5a585461,20050301023926,2005-03-01T02:39:26Z
http://www.zxsoftware.co.uk:80/S/tzx/The%20Snowman.tzx,.tzx,5a585461,20050301024135,2005-03-01T02:41:35Z
http://www.zxsoftware.co.uk:80/S/tzx/STONKERS.TZX,.tzx,5a585461,20050301075235,2005-03-01T07:52:35Z
http://www.zxsoftware.co.uk:80/S/tzx/Shark.tzx,.tzx,5a585461,20050301075354,2005-03-01T07:53:54Z
http://www.zxsoftware.co.uk:80/S/tzx/Star%20Trek.tzx,.tzx,5a585461,20050301091231,2005-03-01T09:12:31Z
http://www.zxsoftware.co.uk:80/S/tzx/Star%20Wreck.tzx,.tzx,5a585461,20050301092432,2005-03-01T09:24:32Z
http://www.zxsoftware.co.uk:80/S/tzx/Starclash.tzx,.tzx,5a585461,20050301093255,2005-03-01T09:32:55Z
http://www.zxsoftware.co.uk:80/S/tzx/Starfire.tzx,.tzx,5a585461,20050301094352,2005-03-01T09:43:52Z
http://www.zxsoftware.co.uk:80/S/tzx/Starion.tzx,.tzx,5a585461,20050301094744,2005-03-01T09:47:44Z
http://www.zxsoftware.co.uk:80/S/tzx/Stay%20Kool.tzx,.tzx,5a585461,20050301101047,2005-03-01T10:10:47Z
http://www.zxsoftware.co.uk:80/S/tzx/Steel%20Eagle.tzx,.tzx,5a585461,20050301101613,2005-03-01T10:16:13Z
http://www.zxsoftware.co.uk:80/S/tzx/Stop%20Ball.tzx,.tzx,5a585461,20050301105242,2005-03-01T10:52:42Z
http://www.zxsoftware.co.uk:80/S/tzx/Solar%20Empire.tzx,.tzx,5a585461,20050301105520,2005-03-01T10:55:20Z
http://www.zxsoftware.co.uk:80/S/tzx/Sophistry.tzx,.tzx,5a585461,20050301110315,2005-03-01T11:03:15Z
http://www.zxsoftware.co.uk:80/S/tzx/Space%20Walk.tzx,.tzx,5a585461,20050301112201,2005-03-01T11:22:01Z
http://www.zxsoftware.co.uk:80/S/tzx/Spaced%20Out.tzx,.tzx,5a585461,20050301114914,2005-03-01T11:49:14Z
http://www.zxsoftware.co.uk:80/S/tzx/Spectipede.tzx,.tzx,5a585461,20050301120941,2005-03-01T12:09:41Z
http://www.zxsoftware.co.uk:80/S/tzx/Storm.tzx,.tzx,5a585461,20050301123143,2005-03-01T12:31:43Z
http://www.zxsoftware.co.uk:80/S/tzx/Spectrapede.tzx,.tzx,5a585461,20050301125654,2005-03-01T12:56:54Z
http://www.zxsoftware.co.uk:80/S/tzx/Spectres.tzx,.tzx,5a585461,20050301130842,2005-03-01T13:08:42Z
http://www.zxsoftware.co.uk:80/S/tzx/Styx.tzx,.tzx,5a585461,20050301132251,2005-03-01T13:22:51Z
http://www.zxsoftware.co.uk:80/S/tzx/Subsunk.tzx,.tzx,5a585461,20050301141741,2005-03-01T14:17:41Z
http://www.zxsoftware.co.uk:80/S/tzx/Sun%20Star.tzx,.tzx,5a585461,20050301153707,2005-03-01T15:37:07Z
http://www.zxsoftware.co.uk:80/E/tzx/Elite%20-%2048k.tzx,.tzx,5a585461,20050301181839,2005-03-01T18:18:39Z
http://www.zxsoftware.co.uk:80/A/tzx/A-Maze.tzx,.tzx,5a585461,20050301182722,2005-03-01T18:27:22Z
http://www.zxsoftware.co.uk:80/A/tzx/ACE.tzx,.tzx,5a585461,20050301231922,2005-03-01T23:19:22Z
http://www.zxsoftware.co.uk:80/A/tzx/Adder%20Attack.tzx,.tzx,5a585461,20050301231950,2005-03-01T23:19:50Z
http://www.zxsoftware.co.uk:80/A/tzx/Alphabet%20Games.tzx,.tzx,5a585461,20050301231958,2005-03-01T23:19:58Z
http://www.zxsoftware.co.uk:80/A/tzx/Espionage%20Island.tzx,.tzx,5a585461,20050301232006,2005-03-01T23:20:06Z
http://www.zxsoftware.co.uk:80/A/tzx/Alien.tzx,.tzx,5a585461,20050301232011,2005-03-01T23:20:11Z
http://www.zxsoftware.co.uk:80/A/tzx/Aftermath.tzx,.tzx,5a585461,20050301232015,2005-03-01T23:20:15Z
http://www.zxsoftware.co.uk:80/A/tzx/APB.tzx,.tzx,5a585461,20050301232124,2005-03-01T23:21:24Z
http://www.zxsoftware.co.uk:80/A/tzx/Aaargh!.tzx,.tzx,5a585461,20050301232128,2005-03-01T23:21:28Z
http://www.zxsoftware.co.uk:80/A/tzx/Anagrams.tzx,.tzx,5a585461,20050301232132,2005-03-01T23:21:32Z
http://www.zxsoftware.co.uk:80/A/tzx/Alpha-Beth.tzx,.tzx,5a585461,20050301232136,2005-03-01T23:21:36Z
http://www.zxsoftware.co.uk:80/A/tzx/Ad%20Astra.tzx,.tzx,5a585461,20050301232140,2005-03-01T23:21:40Z
http://www.zxsoftware.co.uk:80/A/tzx/Alien%20Kill.tzx,.tzx,5a585461,20050301232148,2005-03-01T23:21:48Z
http://www.zxsoftware.co.uk:80/A/tzx/Adventure%201.tzx,.tzx,5a585461,20050301232152,2005-03-01T23:21:52Z
http://www.zxsoftware.co.uk:80/B/tzx/BMX%20Kidz.tzx,.tzx,5a585461,20050302043320,2005-03-02T04:33:20Z
http://www.zxsoftware.co.uk:80/A/tzx/Aspect%20v4.2.tzx,.tzx,5a585461,20050302043428,2005-03-02T04:34:28Z
http://www.zxsoftware.co.uk:80/B/tzx/BA%20111.tzx,.tzx,5a585461,20050302043623,2005-03-02T04:36:23Z
http://www.zxsoftware.co.uk:80/A/tzx/Athena%20-%2048k.tzx,.tzx,5a585461,20050302043631,2005-03-02T04:36:31Z
http://www.zxsoftware.co.uk:80/A/tzx/Antics.tzx,.tzx,5a585461,20050302043639,2005-03-02T04:36:39Z
http://www.zxsoftware.co.uk:80/A/tzx/anglia.tzx,.tzx,5a585461,20050302043643,2005-03-02T04:36:43Z
http://www.zxsoftware.co.uk:80/A/tzx/Autotrans.tzx,.tzx,5a585461,20050302043647,2005-03-02T04:36:47Z
http://www.zxsoftware.co.uk:80/B/tzx/BC%20Bill.tzx,.tzx,5a585461,20050302043651,2005-03-02T04:36:51Z
http://www.zxsoftware.co.uk:80/A/tzx/Zx%20Awari.tzx,.tzx,5a585461,20050302043655,2005-03-02T04:36:55Z
http://www.zxsoftware.co.uk:80/A/tzx/Astro%20Blaster.tzx,.tzx,5a585461,20050302043723,2005-03-02T04:37:23Z
"http://www.zxsoftware.co.uk:80/A/tzx/a,b,c...Lift-Off!.tzx",.tzx,5a585461,20050302043742,2005-03-02T04:37:42Z
http://www.zxsoftware.co.uk:80/B/tzx/Battle%201917.tzx,.tzx,5a585461,20050302093949,2005-03-02T09:39:49Z
http://www.zxsoftware.co.uk:80/B/tzx/Barreldrop.tzx,.tzx,5a585461,20050302093956,2005-03-02T09:39:56Z
http://www.zxsoftware.co.uk:80/B/tzx/Barchou.tzx,.tzx,5a585461,20050302094000,2005-03-02T09:40:00Z
http://www.zxsoftware.co.uk:80/B/tzx/Beamrider.tzx,.tzx,5a585461,20050302094013,2005-03-02T09:40:13Z
http://www.zxsoftware.co.uk:80/B/tzx/Battle%20Field.tzx,.tzx,5a585461,20050302094033,2005-03-02T09:40:33Z
http://www.zxsoftware.co.uk:80/B/tzx/Beyond%20Basic.tzx,.tzx,5a585461,20050302094041,2005-03-02T09:40:41Z
http://www.zxsoftware.co.uk:80/B/tzx/Basket%20Master.tzx,.tzx,5a585461,20050302094045,2005-03-02T09:40:45Z
http://www.zxsoftware.co.uk:80/B/tzx/Beta%20Basic%204.tzx,.tzx,5a585461,20050302094049,2005-03-02T09:40:49Z
http://www.zxsoftware.co.uk:80/A/tzx/Agent%20Orange.tzx,.tzx,5a585461,20050302094444,2005-03-02T09:44:44Z
http://www.zxsoftware.co.uk:80/B/tzx/Black%20Planet.tzx,.tzx,5a585461,20050302094615,2005-03-02T09:46:15Z
http://www.zxsoftware.co.uk:80/B/tzx/Biorhythms.tzx,.tzx,5a585461,20050302094618,2005-03-02T09:46:18Z
http://www.zxsoftware.co.uk:80/B/tzx/Blind%20Alley.tzx,.tzx,5a585461,20050302094626,2005-03-02T09:46:26Z
http://www.zxsoftware.co.uk:80/B/tzx/Block-Buster.tzx,.tzx,5a585461,20050302094630,2005-03-02T09:46:30Z
http://www.zxsoftware.co.uk:80/F/tzx/Fist%202%20(Mastertronic%20Plus).tzx,.tzx,5a585461,20050309034406,2005-03-09T03:44:06Z
http://www.zxsoftware.co.uk:80/F/tzx/Football%20Manager%202%20-%20Expansion%20Kit.tzx,.tzx,5a585461,20050309035035,2005-03-09T03:50:35Z
http://www.zxsoftware.co.uk:80/F/tzx/Football%20Manager%202.tzx,.tzx,5a585461,20050309035704,2005-03-09T03:57:04Z
http://www.zxsoftware.co.uk:80/F/tzx/French%20Vocabulary%20-%20Rose%20Software%20-%20Side%202.tzx,.tzx,5a585461,20050312062555,2005-03-12T06:25:55Z
http://www.zxsoftware.co.uk:80/D/tzx/Discs%20Of%20Death.tzx,.tzx,5a585461,20050312091443,2005-03-12T09:14:43Z
http://www.zxsoftware.co.uk:80/F/tzx/Footballer%20Of%20The%20Year%202.tzx,.tzx,5a585461,20050312094217,2005-03-12T09:42:17Z
http://www.zxsoftware.co.uk:80/F/tzx/Frank%20Bruno's%20World%20Championship%20Boxing.tzx,.tzx,5a585461,20050312095349,2005-03-12T09:53:49Z
http://www.zxsoftware.co.uk:80/F/tzx/French%20Vocabulary%20-%20Rose%20Software%20-%20Side%201.tzx,.tzx,5a585461,20050312100551,2005-03-12T10:05:51Z
http://www.zxsoftware.co.uk:80/K/tzx/Kirel.tzx,.tzx,5a585461,20050312223329,2005-03-12T22:33:29Z
http://www.zxsoftware.co.uk:80/G/tzx/Gyron%20Arena.tzx,.tzx,5a585461,20050315115831,2005-03-15T11:58:31Z
http://www.zxsoftware.co.uk:80/magazines/Magazines/Your%20Sinclair/tzx/Your%20Sinclair%20(Issue%2036)%20-%20Side%203.tzx,.tzx,5a585461,20050316080743,2005-03-16T08:07:43Z
http://www.zxsoftware.co.uk:80/F/tzx/The%20Fast%20And%20The%20Furious.tzx,.tzx,5a585461,20050318214829,2005-03-18T21:48:29Z
http://www.zxsoftware.co.uk:80/F/tzx/Fighter%20Pilot.tzx,.tzx,5a585461,20050319054729,2005-03-19T05:47:29Z
http://www.zxsoftware.co.uk:80/P/tzx/Pipe%20Mania.tzx,.tzx,5a585461,20050408015221,2005-04-08T02:52:21Z
http://www.zxsoftware.co.uk:80/E/tzx/Emilio%20Butragueno%20Futbol%202%20-%20Tape%202%20Competicion.tzx,.tzx,5a585461,20050411002146,2005-04-11T01:21:46Z
http://www.zxsoftware.co.uk:80/magazines/Magazines/Your%20Sinclair/tzx/Your%20Sinclair%20(Issue%2022).tzx,.tzx,5a585461,20050411022854,2005-04-11T03:28:54Z
http://www.zxsoftware.co.uk:80/E/tzx/Emilio%20Butragueno%20Futbol%202%20-%20Tape%201%20Entrenamiento.tzx,.tzx,5a585461,20050412112732,2005-04-12T12:27:32Z
http://www.zxsoftware.co.uk:80/B/tzx/Bingo.tzx,.tzx,5a585461,20050420055252,2005-04-20T06:52:52Z
http://www.zxsoftware.co.uk:80/T/tzx/The%20Apostrophe.tzx,.tzx,5a585461,20050420123500,2005-04-20T13:35:00Z
http://www.zxsoftware.co.uk:80/A/tzx/Alien%20Destroyer.tzx,.tzx,5a585461,20050427033305,2005-04-27T04:33:05Z
http://www.zxsoftware.co.uk:80/A/tzx/Autotrans.tzx,.tzx,5a585461,20050427063159,2005-04-27T07:31:59Z
http://www.zxsoftware.co.uk:80/I/tzx/Inspector%20Flukeit.tzx,.tzx,5a585461,20050427115936,2005-04-27T12:59:36Z
http://www.zxsoftware.co.uk:80/A/tzx/Anagrams.tzx,.tzx,5a585461,20050429232802,2005-04-30T00:28:02Z
http://www.zxsoftware.co.uk:80/H/tzx/HURG.tzx,.tzx,5a585461,20050502062947,2005-05-02T07:29:47Z
http://www.zxsoftware.co.uk:80/F/tzx/Fun%20School%202%20(The%20Hit%20Squad).tzx,.tzx,5a585461,20050505063809,2005-05-05T07:38:09Z
http://www.zxsoftware.co.uk:80/L/tzx/Lotus%20Esprit%20Turbo%20Challenge.tzx,.tzx,5a585461,20050507092934,2005-05-07T10:29:34Z
http://www.zxsoftware.co.uk:80/F/tzx/Fun%20School%202%20For%20The%20Under-6s%20-%20Side%20A%20(The%20Hit%20Squad).tzx,.tzx,5a585461,20050524090325,2005-05-24T10:03:25Z
http://www.zxsoftware.co.uk:80/H/tzx/Holiday%20In%20Sumaria.tzx,.tzx,5a585461,20050526000501,2005-05-26T01:05:01Z
http://www.zxsoftware.co.uk:80/A/tzx/American%20Turbo%20King.tzx,.tzx,5a585461,20050526170040,2005-05-26T18:00:40Z
http://www.zxsoftware.co.uk:80/G/tzx/GOTHIK.TZX,.tzx,5a585461,20050527012946,2005-05-27T02:29:46Z
http://www.zxsoftware.co.uk:80/M/tzx/Metalyx%20(Alternative).tzx,.tzx,5a585461,20050802111624,2005-08-02T12:16:24Z
http://www.zxsoftware.co.uk:80/D/tzx/Donkey%20Kong.tzx,.tzx,5a585461,20050817071624,2005-08-17T08:16:24Z
http://www.zxsoftware.co.uk:80/K/tzx/Kai%20Temple.tzx,.tzx,5a585461,20050825050107,2005-08-25T06:01:07Z
http://www.zxsoftware.co.uk:80/A/tzx/Anagrams.tzx,.tzx,5a585461,20050826140542,2005-08-26T15:05:42Z
http://www.zxsoftware.co.uk:80/K/tzx/The%20King's%20Keep.tzx,.tzx,5a585461,20050826154705,2005-08-26T16:47:05Z
http://www.zxsoftware.co.uk:80/D/tzx/Donkey%20Kong.tzx,.tzx,5a585461,20050826202823,2005-08-26T21:28:23Z
http://www.zxsoftware.co.uk:80/P/tzx/Pipe%20Mania.tzx,.tzx,5a585461,20050827230538,2005-08-28T00:05:38Z
http://www.zxsoftware.co.uk:80/Numbers/tzx/3DADVENT.TZX,.tzx,5a585461,20050902211718,2005-09-02T22:17:18Z
http://www.zxsoftware.co.uk:80/E/tzx/Emilio%20Butragueno%20Futbol%202%20-%20Tape%201%20Entrenamiento.tzx,.tzx,5a585461,20050906085245,2005-09-06T09:52:45Z
http://www.zxsoftware.co.uk:80/T/tzx/The%20Apostrophe.tzx,.tzx,5a585461,20050909172155,2005-09-09T18:21:55Z
http://www.zxsoftware.co.uk:80/I/tzx/Indiana%20Jones%20And%20The%20Temple%20Of%20Doom%20(Kixx).tzx,.tzx,5a585461,20050913153705,2005-09-13T16:37:05Z
http://www.zxsoftware.co.uk:80/E/tzx/Emilio%20Butragueno%20Futbol%202%20-%20Tape%201%20Entrenamiento.tzx,.tzx,5a585461,20050913202549,2005-09-13T21:25:49Z
http://www.zxsoftware.co.uk:80/Numbers/tzx/3DADVENT.TZX,.tzx,5a585461,20050914045409,2005-09-14T05:54:09Z
http://www.users.globalnet.co.uk:80/~jg27paw4/type-ins/yourcomp/specross.tap,.tap,13000000,20051115184350,2005-11-15T18:43:50Z
http://www.ysrnry.co.uk:80/ys3/issue5/tape/smash03.tap,.tap,13000000,20051231180607,2005-12-31T18:06:07Z
http://www.wearmouth.demon.co.uk/jav/u3zeus.z80,.z80,312a0307,20060924021802,2006-09-24T03:18:02Z
http://www.wearmouth.demon.co.uk/jav/util1.z80,.z80,00540000,20060924021809,2006-09-24T03:18:09Z
http://www.wearmouth.demon.co.uk/jav/util2.z80,.z80,00540000,20060924021819,2006-09-24T03:18:19Z
http://www.wearmouth.demon.co.uk/jav/GP.Z80,.z80,9c4281ee,20060924021831,2006-09-24T03:18:31Z
http://www.wearmouth.demon.co.uk/gw03/ktour.z80,.z80,4a0a4a53,20060924022149,2006-09-24T03:21:49Z
http://www.wearmouth.demon.co.uk/gw03/queens8.z80,.z80,00400000,20060924022942,2006-09-24T03:29:42Z
http://www.wearmouth.demon.co.uk/jav/pangolin.z80,.z80,00541d17,20060924023005,2006-09-24T03:30:05Z
http://www.wearmouth.demon.co.uk/jav/rainbow.z80,.z80,01548300,20060924023009,2006-09-24T03:30:09Z
http://www.wearmouth.demon.co.uk/jav/flags.z80,.z80,0154c401,20060924023044,2006-09-24T03:30:44Z
http://www.wearmouth.demon.co.uk/gw03/qsort.z80,.z80,00420600,20060924023806,2006-09-24T03:38:06Z
http://www.wearmouth.demon.co.uk/gw03/endgame.z80,.z80,05024600,20060924023829,2006-09-24T03:38:29Z
http://www.autolaunch.freeserve.co.uk/boat_run.sna,.sna,3f20589b,20060924092216,2006-09-24T10:22:16Z
http://www.ysrnry.co.uk/ys3/issue6/tape/smash04.tap,.tap,13000000,20060924092937,2006-09-24T10:29:37Z
http://www.alchemist-software.org.uk:80/Utilities/Label.tzx,.tzx,5a585461,20080220185807,2008-02-20T18:58:07Z
http://www.users.globalnet.co.uk:80/~jg27paw4/type-ins/sincuser/noughtsx.tap,.tap,13000000,20080331213025,2008-03-31T22:30:25Z
http://www.autolaunch.freeserve.co.uk:80/boat_run.sna,.sna,3f20589b,20080415134937,2008-04-15T14:49:37Z
http://www.autolaunch.freeserve.co.uk:80/buggy.sna,.sna,3f00009b,20080415134939,2008-04-15T14:49:39Z
http://www.autolaunch.freeserve.co.uk/boat_run.sna,.sna,3f20589b,20080515151938,2008-05-15T16:19:38Z
http://www.barbelith.co.uk/downloads/FlushGordon.z80,.z80,1f544ba4,20081120021908,2008-11-20T02:19:08Z
http://www.barbelith.co.uk/downloads/PHART.z80,.z80,1f544ba9,20081120023826,2008-11-20T02:38:26Z
